{"mean":{"confidence_interval":{"confidence_level":0.95,"lower_bound":15645788.3366875,"upper_bound":15691373.945812501},"point_estimate":15668506.475,"standard_error":11646.055756151856},"median":{"confidence_interval":{"confidence_level":0.95,"lower_bound":15614874.875,"upper_bound":15702802.0},"point_estimate":15680166.625,"standard_error":24343.792985140666},"median_abs_dev":{"confidence_interval":{"confidence_level":0.95,"lower_bound":103581.29118606448,"upper_bound":162128.8073960132},"point_estimate":134499.8016871512,"standard_error":15522.670044080396},"slope":null,"std_dev":{"confidence_interval":{"confidence_level":0.95,"lower_bound":100805.61712920204,"upper_bound":132894.65330651047},"point_estimate":117212.6142001446,"standard_error":8186.465321114095}}