{"mean":{"confidence_interval":{"confidence_level":0.95,"lower_bound":13425529.65025,"upper_bound":13493830.7580625},"point_estimate":13460311.0575,"standard_error":17407.203031577657},"median":{"confidence_interval":{"confidence_level":0.95,"lower_bound":13435656.25,"upper_bound":13540020.75},"point_estimate":13483744.75,"standard_error":29740.00124981864},"median_abs_dev":{"confidence_interval":{"confidence_level":0.95,"lower_bound":131271.9962194562,"upper_bound":224073.48832190037},"point_estimate":193301.75521820784,"standard_error":25440.692798488577},"slope":null,"std_dev":{"confidence_interval":{"confidence_level":0.95,"lower_bound":146194.45877331772,"upper_bound":206170.5092005423},"point_estimate":174868.60507527375,"standard_error":15513.430964090803}}