{"mean":{"confidence_interval":{"confidence_level":0.95,"lower_bound":15794466.691812498,"upper_bound":15904405.428125},"point_estimate":15849548.9725,"standard_error":28051.752128260494},"median":{"confidence_interval":{"confidence_level":0.95,"lower_bound":15773125.0,"upper_bound":15925473.875},"point_estimate":15857973.875,"standard_error":39717.39915641412},"median_abs_dev":{"confidence_interval":{"confidence_level":0.95,"lower_bound":228590.5997917056,"upper_bound":355136.8085950613},"point_estimate":290697.82463908195,"standard_error":32363.849313575764},"slope":null,"std_dev":{"confidence_interval":{"confidence_level":0.95,"lower_bound":245588.02567440312,"upper_bound":313897.6874194385},"point_estimate":281772.1619891195,"standard_error":17452.127734150818}}