{"mean":{"confidence_interval":{"confidence_level":0.95,"lower_bound":91029.61036068978,"upper_bound":91366.47921310349},"point_estimate":91172.57967815535,"standard_error":87.01292741561008},"median":{"confidence_interval":{"confidence_level":0.95,"lower_bound":90951.92307692308,"upper_bound":91074.12987012987},"point_estimate":91023.82039011247,"standard_error":31.47474926846235},"median_abs_dev":{"confidence_interval":{"confidence_level":0.95,"lower_bound":266.644653104485,"upper_bound":435.4483678834999},"point_estimate":367.5303323787767,"standard_error":45.238458768314715},"slope":{"confidence_interval":{"confidence_level":0.95,"lower_bound":90955.89456026649,"upper_bound":91182.06383779821},"point_estimate":91069.74759380416,"standard_error":57.57195687328896},"std_dev":{"confidence_interval":{"confidence_level":0.95,"lower_bound":369.63803847607295,"upper_bound":1367.49627723215},"point_estimate":873.0476336490373,"standard_error":303.60550003924885}}