{"mean":{"confidence_interval":{"confidence_level":0.95,"lower_bound":75080.92362832306,"upper_bound":75308.97270078851},"point_estimate":75183.03649992631,"standard_error":58.490413568006325},"median":{"confidence_interval":{"confidence_level":0.95,"lower_bound":75008.70767195767,"upper_bound":75112.57763975156},"point_estimate":75048.75780394304,"standard_error":30.083582129237033},"median_abs_dev":{"confidence_interval":{"confidence_level":0.95,"lower_bound":121.59086777357959,"upper_bound":194.42249532880678},"point_estimate":146.32930802713423,"standard_error":19.527099927364677},"slope":{"confidence_interval":{"confidence_level":0.95,"lower_bound":74973.508789772,"upper_bound":75176.55276211565},"point_estimate":75057.81224788363,"standard_error":53.00154868342416},"std_dev":{"confidence_interval":{"confidence_level":0.95,"lower_bound":306.7032782832875,"upper_bound":837.1265295323169},"point_estimate":588.100878050412,"standard_error":137.8698350786277}}