{"mean":{"confidence_interval":{"confidence_level":0.95,"lower_bound":-0.001166082027591028,"upper_bound":0.0035066179600207734},"point_estimate":0.0010575888970223435,"standard_error":0.0011673156643231665},"median":{"confidence_interval":{"confidence_level":0.95,"lower_bound":-0.0007387887322527487,"upper_bound":0.0013160628418413811},"point_estimate":0.00035422988556166324,"standard_error":0.0005169683365310549}}