{"mean":{"confidence_interval":{"confidence_level":0.95,"lower_bound":-0.003882525748620097,"upper_bound":-0.0006526069761793657},"point_estimate":-0.0022586340953671957,"standard_error":0.0008191804268918255},"median":{"confidence_interval":{"confidence_level":0.95,"lower_bound":-0.0030404897483971016,"upper_bound":-0.0002717108384904243},"point_estimate":-0.0015851126822967743,"standard_error":0.0006776056523015796}}