{"mean":{"confidence_interval":{"confidence_level":0.95,"lower_bound":0.010349714266359467,"upper_bound":0.01357505654843889},"point_estimate":0.011958370733915702,"standard_error":0.0008211933154039961},"median":{"confidence_interval":{"confidence_level":0.95,"lower_bound":0.009910600252010404,"upper_bound":0.012760327815195316},"point_estimate":0.011458319513024895,"standard_error":0.0007440550346412373}}