{"mean":{"confidence_interval":{"confidence_level":0.95,"lower_bound":0.0029093887867040146,"upper_bound":0.006515177652296965},"point_estimate":0.004515254630829579,"standard_error":0.0009376436934581943},"median":{"confidence_interval":{"confidence_level":0.95,"lower_bound":0.001980233986528468,"upper_bound":0.003941075881171763},"point_estimate":0.0029498749655962886,"standard_error":0.00048755065724500967}}