{"mean":{"confidence_interval":{"confidence_level":0.95,"lower_bound":-0.03488594744255389,"upper_bound":-0.016138575828885546},"point_estimate":-0.023906412158410273,"standard_error":0.004886069596729336},"median":{"confidence_interval":{"confidence_level":0.95,"lower_bound":-0.024332097065354885,"upper_bound":-0.0156388209270103},"point_estimate":-0.019419063540693005,"standard_error":0.00212183623179951}}