{"mean":{"confidence_interval":{"confidence_level":0.95,"lower_bound":-0.017262044349228473,"upper_bound":-0.010016417005384656},"point_estimate":-0.013576835900920958,"standard_error":0.0018398152294397754},"median":{"confidence_interval":{"confidence_level":0.95,"lower_bound":-0.017097195813546517,"upper_bound":-0.015498627144875932},"point_estimate":-0.016306883462194444,"standard_error":0.00041716513140810987}}