{"mean":{"confidence_interval":{"confidence_level":0.95,"lower_bound":-0.00004585230293144254,"upper_bound":0.0029184145124822648},"point_estimate":0.0014039915719323837,"standard_error":0.0007603018423404614},"median":{"confidence_interval":{"confidence_level":0.95,"lower_bound":0.0002931317170320919,"upper_bound":0.0037171958643693603},"point_estimate":0.002099895984744693,"standard_error":0.0008463175821919761}}