{"mean":{"confidence_interval":{"confidence_level":0.95,"lower_bound":-0.0053596295117598275,"upper_bound":-0.003547201614708876},"point_estimate":-0.00444403491426959,"standard_error":0.0004608771365589401},"median":{"confidence_interval":{"confidence_level":0.95,"lower_bound":-0.005271054581084752,"upper_bound":-0.0029525945008388454},"point_estimate":-0.004287447500569086,"standard_error":0.0006517317295134373}}