{"mean":{"confidence_interval":{"confidence_level":0.95,"lower_bound":-0.004452738626825475,"upper_bound":0.0030460766635091842},"point_estimate":-0.00043419828545565586,"standard_error":0.0019221599676035213},"median":{"confidence_interval":{"confidence_level":0.95,"lower_bound":0.0029793610225412603,"upper_bound":0.00479913447978797},"point_estimate":0.004099463433373751,"standard_error":0.0004561904379111647}}