{"mean":{"confidence_interval":{"confidence_level":0.95,"lower_bound":0.19960765384014723,"upper_bound":0.20827043550712976},"point_estimate":0.20387076458207365,"standard_error":0.002219719436577451},"median":{"confidence_interval":{"confidence_level":0.95,"lower_bound":0.20317440259728015,"upper_bound":0.20469825624974947},"point_estimate":0.20407661982621983,"standard_error":0.0003958664317776032}}