{"mean":{"confidence_interval":{"confidence_level":0.95,"lower_bound":-0.008787395897742372,"upper_bound":-0.0009726305105749296},"point_estimate":-0.0049949551471676346,"standard_error":0.002012825732169652},"median":{"confidence_interval":{"confidence_level":0.95,"lower_bound":-0.00918390154024129,"upper_bound":-0.006811182494516843},"point_estimate":-0.008013184192760647,"standard_error":0.0006152429140816367}}