{"mean":{"confidence_interval":{"confidence_level":0.95,"lower_bound":-0.02604719482887712,"upper_bound":-0.007202694934613639},"point_estimate":-0.01436428452286087,"standard_error":0.005159204418097405},"median":{"confidence_interval":{"confidence_level":0.95,"lower_bound":-0.007628614035336545,"upper_bound":-0.005258873529169834},"point_estimate":-0.0063299008039423565,"standard_error":0.0006585257464519461}}