{"mean":{"confidence_interval":{"confidence_level":0.95,"lower_bound":0.006525369164207823,"upper_bound":0.01274385248109482},"point_estimate":0.009946141555270405,"standard_error":0.0015948661136667619},"median":{"confidence_interval":{"confidence_level":0.95,"lower_bound":0.01089783245966558,"upper_bound":0.013886982043875461},"point_estimate":0.0117238516711351,"standard_error":0.0007547741131566874}}