{"mean":{"confidence_interval":{"confidence_level":0.95,"lower_bound":0.19571359206164557,"upper_bound":0.20018564623060098},"point_estimate":0.19806956836752598,"standard_error":0.0011404172915267373},"median":{"confidence_interval":{"confidence_level":0.95,"lower_bound":0.197714387047222,"upper_bound":0.20092916070328887},"point_estimate":0.19914351817476228,"standard_error":0.0007591135066364835}}