{"mean":{"confidence_interval":{"confidence_level":0.95,"lower_bound":0.0051015212577595614,"upper_bound":0.009089739396292665},"point_estimate":0.007226394741903119,"standard_error":0.0010163126238222399},"median":{"confidence_interval":{"confidence_level":0.95,"lower_bound":0.007021964000019976,"upper_bound":0.010120504947361608},"point_estimate":0.008587702642471218,"standard_error":0.0007338380408674072}}