{"mean":{"confidence_interval":{"confidence_level":0.95,"lower_bound":-0.17899184975899382,"upper_bound":-0.17246216805015213},"point_estimate":-0.1759937354907779,"standard_error":0.0016350391183515042},"median":{"confidence_interval":{"confidence_level":0.95,"lower_bound":-0.18081956765224427,"upper_bound":-0.17914403345052254},"point_estimate":-0.17987464118081198,"standard_error":0.00042222721165734883}}