{"mean":{"confidence_interval":{"confidence_level":0.95,"lower_bound":0.20148263245233095,"upper_bound":0.20648460220857218},"point_estimate":0.20397133027202163,"standard_error":0.001273145511319955},"median":{"confidence_interval":{"confidence_level":0.95,"lower_bound":0.2021384482070395,"upper_bound":0.20631652112494978},"point_estimate":0.2047856181921377,"standard_error":0.0010596243872021743}}