{"mean":{"confidence_interval":{"confidence_level":0.95,"lower_bound":-0.006960044246461677,"upper_bound":0.005379718651065674},"point_estimate":0.0003579236290081056,"standard_error":0.0032544727091278606},"median":{"confidence_interval":{"confidence_level":0.95,"lower_bound":0.002292728080845796,"upper_bound":0.006278145877487429},"point_estimate":0.004616853451079761,"standard_error":0.0011674030147517463}}