{"mean":{"confidence_interval":{"confidence_level":0.95,"lower_bound":0.001912182835561333,"upper_bound":0.011209470265077369},"point_estimate":0.006301438963323136,"standard_error":0.0023651940347475297},"median":{"confidence_interval":{"confidence_level":0.95,"lower_bound":0.0036885958544605746,"upper_bound":0.005676079378379439},"point_estimate":0.004755843683215799,"standard_error":0.0004795122009287919}}