{"mean":{"confidence_interval":{"confidence_level":0.95,"lower_bound":42571.86675794818,"upper_bound":43254.869970560656},"point_estimate":42906.300318050606,"standard_error":174.62117703426662},"median":{"confidence_interval":{"confidence_level":0.95,"lower_bound":42251.55121527778,"upper_bound":43051.917198298775},"point_estimate":42716.18726634498,"standard_error":209.76253933382267},"median_abs_dev":{"confidence_interval":{"confidence_level":0.95,"lower_bound":1148.2623080968547,"upper_bound":1913.5840379762444},"point_estimate":1505.6213228677568,"standard_error":197.19446004304547},"slope":{"confidence_interval":{"confidence_level":0.95,"lower_bound":41846.93733242182,"upper_bound":42494.50621051665},"point_estimate":42169.31404770701,"standard_error":165.39994688440095},"std_dev":{"confidence_interval":{"confidence_level":0.95,"lower_bound":1418.5397098071364,"upper_bound":2064.7384748653176},"point_estimate":1751.3982962193202,"standard_error":166.57272838157468}}