{"mean":{"confidence_interval":{"confidence_level":0.95,"lower_bound":49377.20502658437,"upper_bound":50021.81700310203},"point_estimate":49670.35498729111,"standard_error":165.37201734019703},"median":{"confidence_interval":{"confidence_level":0.95,"lower_bound":49347.47811724566,"upper_bound":49447.02321428571},"point_estimate":49383.13241421569,"standard_error":27.773567065839515},"median_abs_dev":{"confidence_interval":{"confidence_level":0.95,"lower_bound":203.22791060174515,"upper_bound":517.5072231201013},"point_estimate":340.4918386756457,"standard_error":77.19647962047988},"slope":{"confidence_interval":{"confidence_level":0.95,"lower_bound":49110.86271711491,"upper_bound":49354.44269386735},"point_estimate":49237.6023462391,"standard_error":62.128009529956344},"std_dev":{"confidence_interval":{"confidence_level":0.95,"lower_bound":929.4282098813964,"upper_bound":2259.140117660158},"point_estimate":1662.9951639429744,"standard_error":365.11119696377716}}