{"mean":{"confidence_interval":{"confidence_level":0.95,"lower_bound":49555.33834086125,"upper_bound":49945.467664498006},"point_estimate":49750.405586539804,"standard_error":99.27324626699964},"median":{"confidence_interval":{"confidence_level":0.95,"lower_bound":49460.965627340825,"upper_bound":49992.350386100385},"point_estimate":49694.6065293742,"standard_error":146.81902289639973},"median_abs_dev":{"confidence_interval":{"confidence_level":0.95,"lower_bound":767.6399488125287,"upper_bound":1328.4359852280497},"point_estimate":1008.6873062924054,"standard_error":155.270352893972},"slope":{"confidence_interval":{"confidence_level":0.95,"lower_bound":49326.81914668184,"upper_bound":49844.836104974136},"point_estimate":49589.25790512782,"standard_error":131.96318776634158},"std_dev":{"confidence_interval":{"confidence_level":0.95,"lower_bound":880.4725072407558,"upper_bound":1116.2839523666812},"point_estimate":1006.2320907347174,"standard_error":60.076518991038874}}