{"mean":{"confidence_interval":{"confidence_level":0.95,"lower_bound":681716.1390670463,"upper_bound":685373.0419463464},"point_estimate":683505.0927774612,"standard_error":927.4410077241408},"median":{"confidence_interval":{"confidence_level":0.95,"lower_bound":681944.3818224964,"upper_bound":684807.2916666666},"point_estimate":683484.7166666667,"standard_error":703.9514965492159},"median_abs_dev":{"confidence_interval":{"confidence_level":0.95,"lower_bound":4862.542175769322,"upper_bound":7963.809305790604},"point_estimate":6526.243493741319,"standard_error":765.5123003353983},"slope":{"confidence_interval":{"confidence_level":0.95,"lower_bound":683238.4646789809,"upper_bound":685559.7844671857},"point_estimate":684379.7346578987,"standard_error":592.9097941647228},"std_dev":{"confidence_interval":{"confidence_level":0.95,"lower_bound":6360.396893618118,"upper_bound":12351.728152552378},"point_estimate":9322.966724891754,"standard_error":1561.4245677463311}}