{"mean":{"confidence_interval":{"confidence_level":0.95,"lower_bound":-0.005977352943368338,"upper_bound":0.01180491557672676},"point_estimate":0.002707912445747418,"standard_error":0.004497371116340925},"median":{"confidence_interval":{"confidence_level":0.95,"lower_bound":-0.002560196591351982,"upper_bound":0.007318289535102496},"point_estimate":0.0019209146627667817,"standard_error":0.0028592987170314964}}