{"mean":{"confidence_interval":{"confidence_level":0.95,"lower_bound":0.002673809701415735,"upper_bound":0.08454966704113659},"point_estimate":0.04198874763077454,"standard_error":0.020916057660748288},"median":{"confidence_interval":{"confidence_level":0.95,"lower_bound":-0.04028991175420926,"upper_bound":0.16687045005940027},"point_estimate":0.018507219465425218,"standard_error":0.06308024701563585}}