{"mean":{"confidence_interval":{"confidence_level":0.95,"lower_bound":-0.19001716572626137,"upper_bound":-0.17521699602576776},"point_estimate":-0.18275848130865258,"standard_error":0.0037784042809671002},"median":{"confidence_interval":{"confidence_level":0.95,"lower_bound":-0.1951811762379,"upper_bound":-0.1844754130617583},"point_estimate":-0.18961315394413136,"standard_error":0.0024752524829121784}}