{"mean":{"confidence_interval":{"confidence_level":0.95,"lower_bound":0.1237207122101787,"upper_bound":0.19760395853415602},"point_estimate":0.15896785029780425,"standard_error":0.018852531422059865},"median":{"confidence_interval":{"confidence_level":0.95,"lower_bound":0.05669678255865618,"upper_bound":0.20670100005507108},"point_estimate":0.172358287112089,"standard_error":0.04423197474252673}}