{"mean":{"confidence_interval":{"confidence_level":0.95,"lower_bound":0.025382135701584624,"upper_bound":0.04576700089895868},"point_estimate":0.035247995238855356,"standard_error":0.00519468429186191},"median":{"confidence_interval":{"confidence_level":0.95,"lower_bound":0.009684675571973278,"upper_bound":0.026591457877736806},"point_estimate":0.02001301302144065,"standard_error":0.004436155745627179}}