{"mean":{"confidence_interval":{"confidence_level":0.95,"lower_bound":0.2891362827116091,"upper_bound":0.3451863076199478},"point_estimate":0.3168014461564963,"standard_error":0.014315686170274653},"median":{"confidence_interval":{"confidence_level":0.95,"lower_bound":0.30470219432883017,"upper_bound":0.3553251782344349},"point_estimate":0.3444098172722905,"standard_error":0.011828199893970352}}