{"mean":{"confidence_interval":{"confidence_level":0.95,"lower_bound":-0.05445972058386741,"upper_bound":-0.026659069237362765},"point_estimate":-0.04107946083013425,"standard_error":0.0070813132610831764},"median":{"confidence_interval":{"confidence_level":0.95,"lower_bound":-0.07346785184781757,"upper_bound":-0.06524755690602324},"point_estimate":-0.06944470886066145,"standard_error":0.002141679798441291}}