{"mean":{"confidence_interval":{"confidence_level":0.95,"lower_bound":0.0049710712308863435,"upper_bound":0.025105516535185633},"point_estimate":0.01468069529728222,"standard_error":0.005083569973499981},"median":{"confidence_interval":{"confidence_level":0.95,"lower_bound":-0.002761935466718296,"upper_bound":0.018881423163480182},"point_estimate":0.006903445314554002,"standard_error":0.005606680943281232}}