{"mean":{"confidence_interval":{"confidence_level":0.95,"lower_bound":0.03684765759091397,"upper_bound":0.0577246916714913},"point_estimate":0.047672067228263115,"standard_error":0.005326599905883348},"median":{"confidence_interval":{"confidence_level":0.95,"lower_bound":0.03378328267047447,"upper_bound":0.06472164831686822},"point_estimate":0.05672631824550223,"standard_error":0.006916935542296315}}