{"mean":{"confidence_interval":{"confidence_level":0.95,"lower_bound":0.14918531048089978,"upper_bound":0.16982971087983156},"point_estimate":0.1595128272015076,"standard_error":0.0052611691591073866},"median":{"confidence_interval":{"confidence_level":0.95,"lower_bound":0.15348570887220703,"upper_bound":0.1785794673932426},"point_estimate":0.16336709125084625,"standard_error":0.00661885811282935}}