{"mean":{"confidence_interval":{"confidence_level":0.95,"lower_bound":-0.032512358945404725,"upper_bound":-0.010746764634284173},"point_estimate":-0.021539593994515327,"standard_error":0.0055574472830913985},"median":{"confidence_interval":{"confidence_level":0.95,"lower_bound":-0.03389227463846212,"upper_bound":-0.005479868788502373},"point_estimate":-0.027196640613708634,"standard_error":0.006560152688373884}}