{"mean":{"confidence_interval":{"confidence_level":0.95,"lower_bound":0.0036437743711552778,"upper_bound":0.024717178649138673},"point_estimate":0.014470251390060751,"standard_error":0.005377932293233395},"median":{"confidence_interval":{"confidence_level":0.95,"lower_bound":-0.004905183757175857,"upper_bound":0.022513604974841117},"point_estimate":0.01191560384180601,"standard_error":0.007001703941133733}}