{"mean":{"confidence_interval":{"confidence_level":0.95,"lower_bound":0.0049274488347408885,"upper_bound":0.03891397349952956},"point_estimate":0.019176298824881588,"standard_error":0.008930834811468441},"median":{"confidence_interval":{"confidence_level":0.95,"lower_bound":0.0020069021083177763,"upper_bound":0.027875998564570792},"point_estimate":0.016067881896588698,"standard_error":0.006346629784388638}}