{"mean":{"confidence_interval":{"confidence_level":0.95,"lower_bound":-0.18476373588412703,"upper_bound":-0.16518376026389608},"point_estimate":-0.17460517030399603,"standard_error":0.0049736917088827395},"median":{"confidence_interval":{"confidence_level":0.95,"lower_bound":-0.19505512063500585,"upper_bound":-0.18000828776154687},"point_estimate":-0.1865054323543508,"standard_error":0.003870776872553421}}