{"mean":{"confidence_interval":{"confidence_level":0.95,"lower_bound":-0.023348555145609184,"upper_bound":-0.004557013239543687},"point_estimate":-0.014101344637111768,"standard_error":0.004808242022682108},"median":{"confidence_interval":{"confidence_level":0.95,"lower_bound":-0.017694984284034265,"upper_bound":-0.006378178803069012},"point_estimate":-0.011751040442555594,"standard_error":0.002830082474691795}}