{"mean":{"confidence_interval":{"confidence_level":0.95,"lower_bound":-0.04895866200169765,"upper_bound":-0.03270099655324988},"point_estimate":-0.04119034825622725,"standard_error":0.004122865645222027},"median":{"confidence_interval":{"confidence_level":0.95,"lower_bound":-0.058548122026255554,"upper_bound":-0.0403581829127636},"point_estimate":-0.051261095365417786,"standard_error":0.004826058962119825}}