{"mean":{"confidence_interval":{"confidence_level":0.95,"lower_bound":-0.1611903591811911,"upper_bound":-0.10899693930315905},"point_estimate":-0.13521508120428094,"standard_error":0.013381347657957949},"median":{"confidence_interval":{"confidence_level":0.95,"lower_bound":-0.1975733996873532,"upper_bound":-0.062531901216203},"point_estimate":-0.16601658237250116,"standard_error":0.03765036298748472}}