{"mean":{"confidence_interval":{"confidence_level":0.95,"lower_bound":0.06428136648617921,"upper_bound":0.0927985114912567},"point_estimate":0.07851918098888033,"standard_error":0.007245275993858997},"median":{"confidence_interval":{"confidence_level":0.95,"lower_bound":0.09786233077595052,"upper_bound":0.10840103238616905},"point_estimate":0.10314716752029662,"standard_error":0.002675527928533209}}