{"mean":{"confidence_interval":{"confidence_level":0.95,"lower_bound":-0.015199533161373414,"upper_bound":0.008458312842679047},"point_estimate":-0.003160176848833407,"standard_error":0.006014787546500742},"median":{"confidence_interval":{"confidence_level":0.95,"lower_bound":0.01608860166444237,"upper_bound":0.034062600288472515},"point_estimate":0.021278632458949787,"standard_error":0.004386851458642323}}