{"mean":{"confidence_interval":{"confidence_level":0.95,"lower_bound":-0.01228497589523276,"upper_bound":0.0064256099619759725},"point_estimate":-0.003009738609876189,"standard_error":0.004781140900490265},"median":{"confidence_interval":{"confidence_level":0.95,"lower_bound":-0.019175001562589854,"upper_bound":0.004571404738770536},"point_estimate":-0.010623338505351021,"standard_error":0.0064114769928749005}}