{"mean":{"confidence_interval":{"confidence_level":0.95,"lower_bound":-0.02942871847534223,"upper_bound":0.003805723396023808},"point_estimate":-0.011192367542000703,"standard_error":0.008520270777515241},"median":{"confidence_interval":{"confidence_level":0.95,"lower_bound":-0.017401566608151953,"upper_bound":0.0038283034556978457},"point_estimate":-0.009644119309451415,"standard_error":0.0051144584556621865}}