{"mean":{"confidence_interval":{"confidence_level":0.95,"lower_bound":0.17578743386098972,"upper_bound":0.1934573729487065},"point_estimate":0.18417812401730838,"standard_error":0.004467346512462818},"median":{"confidence_interval":{"confidence_level":0.95,"lower_bound":0.17530208440541806,"upper_bound":0.19113435586191363},"point_estimate":0.18265660415352203,"standard_error":0.003856196911624121}}