{"mean":{"confidence_interval":{"confidence_level":0.95,"lower_bound":173670835.86,"upper_bound":173871104.6815},"point_estimate":173767437.13,"standard_error":51499.22359377947},"median":{"confidence_interval":{"confidence_level":0.95,"lower_bound":173585791.0,"upper_bound":173832125.0},"point_estimate":173750958.0,"standard_error":60056.59608112328},"median_abs_dev":{"confidence_interval":{"confidence_level":0.95,"lower_bound":365394.76955294644,"upper_bound":630661.7051035166},"point_estimate":478879.7914981842,"standard_error":68544.54633055134},"slope":null,"std_dev":{"confidence_interval":{"confidence_level":0.95,"lower_bound":397123.85761344904,"upper_bound":650932.9113487803},"point_estimate":512019.5206804832,"standard_error":68505.87820745812}}