{"mean":{"confidence_interval":{"confidence_level":0.95,"lower_bound":22805269.096249994,"upper_bound":22956900.61983333},"point_estimate":22870122.403333336,"standard_error":39320.42513827568},"median":{"confidence_interval":{"confidence_level":0.95,"lower_bound":22764000.0,"upper_bound":22876638.666666668},"point_estimate":22816118.0,"standard_error":29212.198617563034},"median_abs_dev":{"confidence_interval":{"confidence_level":0.95,"lower_bound":160018.00355911438,"upper_bound":276103.3575981874},"point_estimate":213236.91801428888,"standard_error":30258.001488206846},"slope":null,"std_dev":{"confidence_interval":{"confidence_level":0.95,"lower_bound":190634.7829782552,"upper_bound":613071.4566913858},"point_estimate":394276.0403216593,"standard_error":137413.84551848014}}