{"mean":{"confidence_interval":{"confidence_level":0.95,"lower_bound":67123262.51924999,"upper_bound":67699601.49724999},"point_estimate":67403014.68,"standard_error":147006.83776035797},"median":{"confidence_interval":{"confidence_level":0.95,"lower_bound":67067312.5,"upper_bound":67559000.0},"point_estimate":67365562.5,"standard_error":126124.83538904275},"median_abs_dev":{"confidence_interval":{"confidence_level":0.95,"lower_bound":801283.0165743828,"upper_bound":1502491.2762254477},"point_estimate":1154975.7727950811,"standard_error":185308.64765731097},"slope":null,"std_dev":{"confidence_interval":{"confidence_level":0.95,"lower_bound":1167826.440069963,"upper_bound":1713279.0170082226},"point_estimate":1465777.8091389774,"standard_error":139995.81420231095}}