{"mean":{"confidence_interval":{"confidence_level":0.95,"lower_bound":2098140.801666667,"upper_bound":2105472.4004166666},"point_estimate":2101672.5379166664,"standard_error":1867.8689418229085},"median":{"confidence_interval":{"confidence_level":0.95,"lower_bound":2092732.625,"upper_bound":2100421.875},"point_estimate":2097547.729166667,"standard_error":1970.4357491681044},"median_abs_dev":{"confidence_interval":{"confidence_level":0.95,"lower_bound":10239.206068217754,"upper_bound":19304.687157273176},"point_estimate":15143.8938811426,"standard_error":2302.7360974895673},"slope":null,"std_dev":{"confidence_interval":{"confidence_level":0.95,"lower_bound":15240.130989296606,"upper_bound":22044.069314495475},"point_estimate":18788.9755018456,"standard_error":1740.2854489263814}}