{"mean":{"confidence_interval":{"confidence_level":0.95,"lower_bound":70980528.83,"upper_bound":71529621.75},"point_estimate":71255990.09,"standard_error":138714.87135057754},"median":{"confidence_interval":{"confidence_level":0.95,"lower_bound":70727833.0,"upper_bound":71377291.0},"point_estimate":71087958.0,"standard_error":168153.58585436066},"median_abs_dev":{"confidence_interval":{"confidence_level":0.95,"lower_bound":1122816.4743760233,"upper_bound":1867643.0476427078},"point_estimate":1471140.2171820402,"standard_error":190236.20125551795},"slope":null,"std_dev":{"confidence_interval":{"confidence_level":0.95,"lower_bound":1205024.9085461958,"upper_bound":1579729.8531208357},"point_estimate":1395083.9435728048,"standard_error":96340.18628581266}}