{"mean":{"confidence_interval":{"confidence_level":0.95,"lower_bound":85614143.25375001,"upper_bound":86331173.44},"point_estimate":85965663.45,"standard_error":183226.28168376314},"median":{"confidence_interval":{"confidence_level":0.95,"lower_bound":85342166.0,"upper_bound":85740645.5},"point_estimate":85478708.0,"standard_error":101120.78299314933},"median_abs_dev":{"confidence_interval":{"confidence_level":0.95,"lower_bound":657471.5604275465,"upper_bound":2202124.273404479},"point_estimate":925976.3460606337,"standard_error":414788.57190063264},"slope":null,"std_dev":{"confidence_interval":{"confidence_level":0.95,"lower_bound":1579079.7758221554,"upper_bound":2039315.342808378},"point_estimate":1835132.7387114954,"standard_error":118176.13808021633}}