{"mean":{"confidence_interval":{"confidence_level":0.95,"lower_bound":55371.611440403045,"upper_bound":56091.20510274648},"point_estimate":55719.86535160493,"standard_error":183.87966351023158},"median":{"confidence_interval":{"confidence_level":0.95,"lower_bound":55179.895274584924,"upper_bound":55765.16429738562},"point_estimate":55454.06063131313,"standard_error":146.7697770940589},"median_abs_dev":{"confidence_interval":{"confidence_level":0.95,"lower_bound":1042.628182153633,"upper_bound":1829.4601221349099},"point_estimate":1334.2644293124058,"standard_error":199.95525031961319},"slope":{"confidence_interval":{"confidence_level":0.95,"lower_bound":55113.142669469395,"upper_bound":55671.823043196586},"point_estimate":55392.14300691263,"standard_error":142.38564577002302},"std_dev":{"confidence_interval":{"confidence_level":0.95,"lower_bound":1448.1811746006738,"upper_bound":2205.783958160662},"point_estimate":1850.1724322765585,"standard_error":194.0877422914205}}