{"mean":{"confidence_interval":{"confidence_level":0.95,"lower_bound":63427.10869178789,"upper_bound":63954.0060525388},"point_estimate":63685.18414612674,"standard_error":134.3073400701838},"median":{"confidence_interval":{"confidence_level":0.95,"lower_bound":63195.481331168834,"upper_bound":63976.0375},"point_estimate":63596.394243421055,"standard_error":184.51784083069353},"median_abs_dev":{"confidence_interval":{"confidence_level":0.95,"lower_bound":984.0461593913884,"upper_bound":1665.2401336995017},"point_estimate":1241.9971223179093,"standard_error":172.5915944362808},"slope":{"confidence_interval":{"confidence_level":0.95,"lower_bound":63498.97290968689,"upper_bound":64242.89137664282},"point_estimate":63864.753627161226,"standard_error":189.2151471126552},"std_dev":{"confidence_interval":{"confidence_level":0.95,"lower_bound":1119.4912308606429,"upper_bound":1580.670457477004},"point_estimate":1352.9104581897261,"standard_error":117.99301412946295}}