{"mean":{"confidence_interval":{"confidence_level":0.95,"lower_bound":15388.546129281502,"upper_bound":15440.3494328592},"point_estimate":15413.242979876062,"standard_error":13.25101634966425},"median":{"confidence_interval":{"confidence_level":0.95,"lower_bound":15379.79766899767,"upper_bound":15419.532126696833},"point_estimate":15399.563717948717,"standard_error":8.489337498533827},"median_abs_dev":{"confidence_interval":{"confidence_level":0.95,"lower_bound":54.62688731483127,"upper_bound":98.95853132627923},"point_estimate":76.2890175959696,"standard_error":11.01905573520866},"slope":{"confidence_interval":{"confidence_level":0.95,"lower_bound":15382.606169872146,"upper_bound":15453.728745541604},"point_estimate":15412.924107171682,"standard_error":18.604077755940832},"std_dev":{"confidence_interval":{"confidence_level":0.95,"lower_bound":91.77381642044409,"upper_bound":169.9728638095038},"point_estimate":133.30205384455476,"standard_error":19.984783178753204}}