{"mean":{"confidence_interval":{"confidence_level":0.95,"lower_bound":479950.61154801986,"upper_bound":480923.49524673494},"point_estimate":480378.9860670753,"standard_error":250.4204466239979},"median":{"confidence_interval":{"confidence_level":0.95,"lower_bound":479602.59798534797,"upper_bound":479973.75925925927},"point_estimate":479798.8137254902,"standard_error":108.66321996832494},"median_abs_dev":{"confidence_interval":{"confidence_level":0.95,"lower_bound":462.4497036695503,"upper_bound":893.7898868593261},"point_estimate":600.7804814573216,"standard_error":109.81048819505266},"slope":{"confidence_interval":{"confidence_level":0.95,"lower_bound":479490.45973880915,"upper_bound":479892.75795018015},"point_estimate":479679.47767203586,"standard_error":102.54529169965687},"std_dev":{"confidence_interval":{"confidence_level":0.95,"lower_bound":1013.3560549584814,"upper_bound":3740.160850814746},"point_estimate":2520.018935913456,"standard_error":703.0062789394243}}