{"mean":{"confidence_interval":{"confidence_level":0.95,"lower_bound":-0.005756142118556742,"upper_bound":-0.003983475314631123},"point_estimate":-0.004847062924431267,"standard_error":0.00045304669810526037},"median":{"confidence_interval":{"confidence_level":0.95,"lower_bound":-0.0061978443757447765,"upper_bound":-0.003210866482435848},"point_estimate":-0.004351680095303068,"standard_error":0.0007806963078471355}}