{"mean":{"confidence_interval":{"confidence_level":0.95,"lower_bound":-0.008325223921925062,"upper_bound":-0.002906689295828651},"point_estimate":-0.005591958933788832,"standard_error":0.0013715770594906315},"median":{"confidence_interval":{"confidence_level":0.95,"lower_bound":-0.006120627952462709,"upper_bound":-0.0023891442927213014},"point_estimate":-0.0033596861930499378,"standard_error":0.000948285811980969}}