{"mean":{"confidence_interval":{"confidence_level":0.95,"lower_bound":-0.011115800793402391,"upper_bound":-0.004777003589122414},"point_estimate":-0.007787711752318627,"standard_error":0.001623295364639838},"median":{"confidence_interval":{"confidence_level":0.95,"lower_bound":-0.005003250559512895,"upper_bound":-0.002430147775468905},"point_estimate":-0.003678298111164935,"standard_error":0.0007050900737915607}}