{"mean":{"confidence_interval":{"confidence_level":0.95,"lower_bound":-0.001277859400218767,"upper_bound":0.0005357217625761409},"point_estimate":-0.00034479047516644545,"standard_error":0.00046205454555942526},"median":{"confidence_interval":{"confidence_level":0.95,"lower_bound":-0.0010793882377764241,"upper_bound":0.0006335245208142215},"point_estimate":-0.00044227427164234,"standard_error":0.00043990620065423737}}