{"mean":{"confidence_interval":{"confidence_level":0.95,"lower_bound":-0.010010415335237915,"upper_bound":-0.007489797974397208},"point_estimate":-0.00879861835101814,"standard_error":0.0006435167717933932},"median":{"confidence_interval":{"confidence_level":0.95,"lower_bound":-0.010977530611346986,"upper_bound":-0.007833805027794405},"point_estimate":-0.009516308382380823,"standard_error":0.0008278273951447695}}