{"mean":{"confidence_interval":{"confidence_level":0.95,"lower_bound":-0.001259280452199446,"upper_bound":0.0028015100744065487},"point_estimate":0.0009927696989717738,"standard_error":0.0010337643038590208},"median":{"confidence_interval":{"confidence_level":0.95,"lower_bound":0.0015981428098921224,"upper_bound":0.00310157234549302},"point_estimate":0.002360518661915778,"standard_error":0.00037818000737749384}}