{"mean":{"confidence_interval":{"confidence_level":0.95,"lower_bound":0.005638400788193971,"upper_bound":0.0077659609668604855},"point_estimate":0.006710732137797493,"standard_error":0.0005386387260938983},"median":{"confidence_interval":{"confidence_level":0.95,"lower_bound":0.006301227076549898,"upper_bound":0.008333347917186684},"point_estimate":0.007456708937388479,"standard_error":0.0005108490680684847}}