{"mean":{"confidence_interval":{"confidence_level":0.95,"lower_bound":-0.8586756778026868,"upper_bound":-0.8581573637144926},"point_estimate":-0.8584127983534976,"standard_error":0.00013277022284212764},"median":{"confidence_interval":{"confidence_level":0.95,"lower_bound":-0.8587665960292414,"upper_bound":-0.8583477082718711},"point_estimate":-0.8584995694348495,"standard_error":0.0001156977342752779}}