{"mean":{"confidence_interval":{"confidence_level":0.95,"lower_bound":-0.003308454492077453,"upper_bound":-0.0019026787245361618},"point_estimate":-0.002591281332634421,"standard_error":0.00035742677115682675},"median":{"confidence_interval":{"confidence_level":0.95,"lower_bound":-0.0039156428243520836,"upper_bound":-0.003032345519893509},"point_estimate":-0.0035601485933600685,"standard_error":0.0002234805271574404}}