{"mean":{"confidence_interval":{"confidence_level":0.95,"lower_bound":0.18286661564649132,"upper_bound":0.1894889703624705},"point_estimate":0.18618062458724416,"standard_error":0.0016813296193992986},"median":{"confidence_interval":{"confidence_level":0.95,"lower_bound":0.18707000762501425,"upper_bound":0.1929273404170544},"point_estimate":0.18982038055540196,"standard_error":0.0015752021286718095}}