{"mean":{"confidence_interval":{"confidence_level":0.95,"lower_bound":0.0029040276673011037,"upper_bound":0.01032879665490466},"point_estimate":0.006459155313827125,"standard_error":0.001886321512886008},"median":{"confidence_interval":{"confidence_level":0.95,"lower_bound":0.0004677468838503174,"upper_bound":0.004799734041657455},"point_estimate":0.0019245303195187802,"standard_error":0.0011205433252084378}}