{"mean":{"confidence_interval":{"confidence_level":0.95,"lower_bound":0.002508338782691705,"upper_bound":0.010578166733414},"point_estimate":0.0064696567398483396,"standard_error":0.002072535071000172},"median":{"confidence_interval":{"confidence_level":0.95,"lower_bound":0.005730867186160449,"upper_bound":0.008036333591876721},"point_estimate":0.007076942965653199,"standard_error":0.0005845864305292022}}