{"mean":{"confidence_interval":{"confidence_level":0.95,"lower_bound":-0.010046248840267568,"upper_bound":-0.00368716281445804},"point_estimate":-0.006959447131364316,"standard_error":0.0016138688181703857},"median":{"confidence_interval":{"confidence_level":0.95,"lower_bound":-0.01222986932757046,"upper_bound":-0.007155793299999269},"point_estimate":-0.009565679421946749,"standard_error":0.0012680708670143037}}