{"mean":{"confidence_interval":{"confidence_level":0.95,"lower_bound":-0.1804364348803293,"upper_bound":-0.17612778313304886},"point_estimate":-0.17823362661800246,"standard_error":0.001110714426482325},"median":{"confidence_interval":{"confidence_level":0.95,"lower_bound":-0.18314543393279925,"upper_bound":-0.18108892616684702},"point_estimate":-0.18237704742377603,"standard_error":0.0005223644323774847}}