{"mean":{"confidence_interval":{"confidence_level":0.95,"lower_bound":-0.005780323623921787,"upper_bound":-0.004248856630087858},"point_estimate":-0.004978400109199033,"standard_error":0.00039662912481801716},"median":{"confidence_interval":{"confidence_level":0.95,"lower_bound":-0.006072764188353896,"upper_bound":-0.0040802788226378395},"point_estimate":-0.005028333656360573,"standard_error":0.0005043245376575967}}