{"mean":{"confidence_interval":{"confidence_level":0.95,"lower_bound":0.20665693367458407,"upper_bound":0.2117203598341475},"point_estimate":0.20922378861450008,"standard_error":0.0012909245094860208},"median":{"confidence_interval":{"confidence_level":0.95,"lower_bound":0.2090768857623001,"upper_bound":0.21346493093759067},"point_estimate":0.21109557345957652,"standard_error":0.0011235941631062792}}