{"mean":{"confidence_interval":{"confidence_level":0.95,"lower_bound":-0.0012553432611342912,"upper_bound":0.0019290872598380965},"point_estimate":0.00035192370630632297,"standard_error":0.0008098321409098606},"median":{"confidence_interval":{"confidence_level":0.95,"lower_bound":-0.00006886454953114463,"upper_bound":0.004135575102171218},"point_estimate":0.0015855810958087524,"standard_error":0.0011362240953058773}}