{"mean":{"confidence_interval":{"confidence_level":0.95,"lower_bound":-0.021851151505032675,"upper_bound":-0.009147339152619255},"point_estimate":-0.015816328459206663,"standard_error":0.0032123452255881486},"median":{"confidence_interval":{"confidence_level":0.95,"lower_bound":-0.025327988788637623,"upper_bound":-0.007997219961722868},"point_estimate":-0.01591682783001125,"standard_error":0.0046275763571200865}}