{"mean":{"confidence_interval":{"confidence_level":0.95,"lower_bound":-0.0057908658914634864,"upper_bound":0.00246714338263149},"point_estimate":-0.0015418543028978826,"standard_error":0.002105514831682984},"median":{"confidence_interval":{"confidence_level":0.95,"lower_bound":-0.007080560968491523,"upper_bound":0.003428296555227944},"point_estimate":-0.0031874066203499973,"standard_error":0.002630719782656684}}