{"mean":{"confidence_interval":{"confidence_level":0.95,"lower_bound":0.16286066584492642,"upper_bound":0.17297728758556224},"point_estimate":0.16778201801583137,"standard_error":0.0025905091987211376},"median":{"confidence_interval":{"confidence_level":0.95,"lower_bound":0.1642066439183245,"upper_bound":0.18075277850975935},"point_estimate":0.17184021672697902,"standard_error":0.004292951908880524}}