{"mean":{"confidence_interval":{"confidence_level":0.95,"lower_bound":-0.06143649407682324,"upper_bound":-0.014861693620480374},"point_estimate":-0.03985995519161323,"standard_error":0.012289487000007482},"median":{"confidence_interval":{"confidence_level":0.95,"lower_bound":-0.124620010065848,"upper_bound":-0.006456608636637773},"point_estimate":-0.10224791862824034,"standard_error":0.03732515134205451}}