{"mean":{"confidence_interval":{"confidence_level":0.95,"lower_bound":0.3551912328347919,"upper_bound":0.40452538265961824},"point_estimate":0.3790924955035819,"standard_error":0.012598044729216771},"median":{"confidence_interval":{"confidence_level":0.95,"lower_bound":0.3439782376224103,"upper_bound":0.4096598928165742},"point_estimate":0.37125632107970263,"standard_error":0.01631790481697936}}