{"mean":{"confidence_interval":{"confidence_level":0.95,"lower_bound":-0.04321974668362677,"upper_bound":0.0177032410571899},"point_estimate":-0.013937781467497357,"standard_error":0.015516499680055139},"median":{"confidence_interval":{"confidence_level":0.95,"lower_bound":-0.06783577643844574,"upper_bound":0.07851577373484878},"point_estimate":0.02083305687186865,"standard_error":0.040192776626890844}}