{"mean":{"confidence_interval":{"confidence_level":0.95,"lower_bound":-0.10674100511347923,"upper_bound":-0.043913210027309454},"point_estimate":-0.07474900145623486,"standard_error":0.01580647408991921},"median":{"confidence_interval":{"confidence_level":0.95,"lower_bound":-0.1461212986808481,"upper_bound":-0.07086767881712508},"point_estimate":-0.12318507718849947,"standard_error":0.01745368389044021}}