{"mean":{"confidence_interval":{"confidence_level":0.95,"lower_bound":-0.24121075712341328,"upper_bound":-0.20638165140162323},"point_estimate":-0.2230918959815663,"standard_error":0.009007405284086164},"median":{"confidence_interval":{"confidence_level":0.95,"lower_bound":-0.2529935722834607,"upper_bound":-0.22644709568697452},"point_estimate":-0.24373532654915797,"standard_error":0.006899407830664964}}