{"mean":{"confidence_interval":{"confidence_level":0.95,"lower_bound":-0.02801827760157893,"upper_bound":0.008142759058720908},"point_estimate":-0.0103945724590363,"standard_error":0.009282612490037413},"median":{"confidence_interval":{"confidence_level":0.95,"lower_bound":-0.045501439057368254,"upper_bound":0.008493206835881839},"point_estimate":-0.017166449732022637,"standard_error":0.013852898768406717}}