{"mean":{"confidence_interval":{"confidence_level":0.95,"lower_bound":-0.06812867198459334,"upper_bound":-0.019713019703212036},"point_estimate":-0.04330688101281699,"standard_error":0.012355090049843908},"median":{"confidence_interval":{"confidence_level":0.95,"lower_bound":-0.09281652708181254,"upper_bound":0.013175760835102334},"point_estimate":-0.02019127779874441,"standard_error":0.027395593915366754}}