{"mean":{"confidence_interval":{"confidence_level":0.95,"lower_bound":-0.046335103137295094,"upper_bound":-0.007019043090472355},"point_estimate":-0.02712457002536517,"standard_error":0.009940652299910334},"median":{"confidence_interval":{"confidence_level":0.95,"lower_bound":-0.06431838156837977,"upper_bound":-0.031047438862388366},"point_estimate":-0.044322085845102555,"standard_error":0.0077369641031992484}}