{"mean":{"confidence_interval":{"confidence_level":0.95,"lower_bound":-0.06427653017093074,"upper_bound":-0.02791258963097515},"point_estimate":-0.046983009786390584,"standard_error":0.009279609239016657},"median":{"confidence_interval":{"confidence_level":0.95,"lower_bound":-0.055266008086631735,"upper_bound":-0.018260086245566742},"point_estimate":-0.04030876334849676,"standard_error":0.009532447879906791}}