{"mean":{"confidence_interval":{"confidence_level":0.95,"lower_bound":0.03097480236561926,"upper_bound":0.07647662109654371},"point_estimate":0.054306852168845676,"standard_error":0.011695529501617329},"median":{"confidence_interval":{"confidence_level":0.95,"lower_bound":0.011502337806673868,"upper_bound":0.07145212246186117},"point_estimate":0.040813691635652294,"standard_error":0.016333651207997242}}