{"mean":{"confidence_interval":{"confidence_level":0.95,"lower_bound":-0.1631093276652334,"upper_bound":-0.13110584157650543},"point_estimate":-0.1467075775088007,"standard_error":0.008146860963355654},"median":{"confidence_interval":{"confidence_level":0.95,"lower_bound":-0.16617623238755463,"upper_bound":-0.13298781599760567},"point_estimate":-0.15026383965654233,"standard_error":0.008352174168509866}}