{"mean":{"confidence_interval":{"confidence_level":0.95,"lower_bound":-0.008354302363007535,"upper_bound":-0.0013183199421399551},"point_estimate":-0.00474914958457584,"standard_error":0.0017988707841339162},"median":{"confidence_interval":{"confidence_level":0.95,"lower_bound":0.0009655708369016303,"upper_bound":0.0032261454998199013},"point_estimate":0.0020405070611200227,"standard_error":0.000580618526778292}}