{"mean":{"confidence_interval":{"confidence_level":0.95,"lower_bound":0.004174129326072468,"upper_bound":0.01276813433978997},"point_estimate":0.008362906907685375,"standard_error":0.0021661136147383595},"median":{"confidence_interval":{"confidence_level":0.95,"lower_bound":-0.0041841133452570345,"upper_bound":0.027601647371216398},"point_estimate":0.011151266154675543,"standard_error":0.008929086496996393}}