{"mean":{"confidence_interval":{"confidence_level":0.95,"lower_bound":0.19458648134945106,"upper_bound":0.20565039904428106},"point_estimate":0.20008063015778443,"standard_error":0.002822053822225127},"median":{"confidence_interval":{"confidence_level":0.95,"lower_bound":0.19137695801692134,"upper_bound":0.19904258652999407},"point_estimate":0.19613951801033824,"standard_error":0.0019719306426608184}}