{"mean":{"confidence_interval":{"confidence_level":0.95,"lower_bound":-0.04436300057300721,"upper_bound":-0.03388284057926422},"point_estimate":-0.039343937224621595,"standard_error":0.002661839895898524},"median":{"confidence_interval":{"confidence_level":0.95,"lower_bound":-0.05059721835726483,"upper_bound":-0.038309047408189856},"point_estimate":-0.04620113672929538,"standard_error":0.00318937235593216}}