{"mean":{"confidence_interval":{"confidence_level":0.95,"lower_bound":0.014937491507922791,"upper_bound":0.02202653374073179},"point_estimate":0.018567958785672856,"standard_error":0.0018074185577843737},"median":{"confidence_interval":{"confidence_level":0.95,"lower_bound":0.017731301684218215,"upper_bound":0.02333230847818646},"point_estimate":0.021673539272043962,"standard_error":0.0015695631720720775}}