{"mean":{"confidence_interval":{"confidence_level":0.95,"lower_bound":-0.7103599549562062,"upper_bound":-0.7082807347710858},"point_estimate":-0.7093761384706387,"standard_error":0.0005256467693860867},"median":{"confidence_interval":{"confidence_level":0.95,"lower_bound":-0.7112017830141351,"upper_bound":-0.709555052200274},"point_estimate":-0.7106151909655943,"standard_error":0.0004783806048491649}}