{"mean":{"confidence_interval":{"confidence_level":0.95,"lower_bound":347235.5865673124,"upper_bound":347488.7798091736},"point_estimate":347355.24760828883,"standard_error":64.50489896695639},"median":{"confidence_interval":{"confidence_level":0.95,"lower_bound":347168.9311594203,"upper_bound":347357.637254902},"point_estimate":347258.38435289223,"standard_error":46.83624788783324},"median_abs_dev":{"confidence_interval":{"confidence_level":0.95,"lower_bound":279.6625199670896,"upper_bound":564.9856731673704},"point_estimate":386.41806188969366,"standard_error":76.18445367704162},"slope":{"confidence_interval":{"confidence_level":0.95,"lower_bound":347315.06783252646,"upper_bound":347583.1345169369},"point_estimate":347444.47085266735,"standard_error":68.59065113923921},"std_dev":{"confidence_interval":{"confidence_level":0.95,"lower_bound":458.59902312389977,"upper_bound":850.3932324861742},"point_estimate":647.1170221780781,"standard_error":103.85719223571753}}