{"mean":{"confidence_interval":{"confidence_level":0.95,"lower_bound":66247.06074705317,"upper_bound":66593.22248088526},"point_estimate":66417.76768691465,"standard_error":88.36268658043464},"median":{"confidence_interval":{"confidence_level":0.95,"lower_bound":66047.8125,"upper_bound":66500.49247311828},"point_estimate":66216.03355347642,"standard_error":153.10652462636722},"median_abs_dev":{"confidence_interval":{"confidence_level":0.95,"lower_bound":535.7517073900318,"upper_bound":1262.0762610652725},"point_estimate":600.2068493180756,"standard_error":176.06343009238134},"slope":{"confidence_interval":{"confidence_level":0.95,"lower_bound":65950.36171764268,"upper_bound":66502.30633779682},"point_estimate":66206.66983360426,"standard_error":141.7110194719192},"std_dev":{"confidence_interval":{"confidence_level":0.95,"lower_bound":772.8987020621466,"upper_bound":993.2374534799781},"point_estimate":888.5672965643508,"standard_error":56.25347980913144}}