{"mean":{"confidence_interval":{"confidence_level":0.95,"lower_bound":146.93429074748303,"upper_bound":148.04188558345123},"point_estimate":147.4813291628114,"standard_error":0.2821250436491465},"median":{"confidence_interval":{"confidence_level":0.95,"lower_bound":146.43012241300832,"upper_bound":148.27544902524767},"point_estimate":147.3564869283701,"standard_error":0.47481899550795076},"median_abs_dev":{"confidence_interval":{"confidence_level":0.95,"lower_bound":2.5873002985142346,"upper_bound":3.9762428528480944},"point_estimate":3.4467281644696164,"standard_error":0.3592654714160969},"slope":{"confidence_interval":{"confidence_level":0.95,"lower_bound":146.54507926767195,"upper_bound":147.87029158039212},"point_estimate":147.1415205783826,"standard_error":0.3383029146308525},"std_dev":{"confidence_interval":{"confidence_level":0.95,"lower_bound":2.4603726391898557,"upper_bound":3.1904019736889104},"point_estimate":2.838577330299496,"standard_error":0.18646322640544977}}