{"mean":{"confidence_interval":{"confidence_level":0.95,"lower_bound":0.0073531457442666485,"upper_bound":0.010753238703160955},"point_estimate":0.009063236369792671,"standard_error":0.0008680921483564273},"median":{"confidence_interval":{"confidence_level":0.95,"lower_bound":0.007148408914927851,"upper_bound":0.01051114780992024},"point_estimate":0.008692666966818807,"standard_error":0.0008167435119974171}}