{"mean":{"confidence_interval":{"confidence_level":0.95,"lower_bound":-0.06775113735087104,"upper_bound":-0.035928107354871515},"point_estimate":-0.051675792043080926,"standard_error":0.008117160664874778},"median":{"confidence_interval":{"confidence_level":0.95,"lower_bound":-0.06175384265484596,"upper_bound":-0.01717958096314495},"point_estimate":-0.03788680450579485,"standard_error":0.011251560677537917}}