{"mean":{"confidence_interval":{"confidence_level":0.95,"lower_bound":-0.11843437105980094,"upper_bound":-0.1157823157438586},"point_estimate":-0.11711814285447797,"standard_error":0.0006838320067725501},"median":{"confidence_interval":{"confidence_level":0.95,"lower_bound":-0.11920945666555904,"upper_bound":-0.11506644182888459},"point_estimate":-0.11696432245041877,"standard_error":0.0011163252010389197}}