{"mean":{"confidence_interval":{"confidence_level":0.95,"lower_bound":-0.0024569254622387434,"upper_bound":0.0005139240973121788},"point_estimate":-0.0009575750847007347,"standard_error":0.0007587623792895773},"median":{"confidence_interval":{"confidence_level":0.95,"lower_bound":-0.0015799402088820802,"upper_bound":0.0013756593955182082},"point_estimate":0.00010403522080770777,"standard_error":0.0007681411222868374}}