{"mean":{"confidence_interval":{"confidence_level":0.95,"lower_bound":0.05036604088729545,"upper_bound":0.08927895214041352},"point_estimate":0.06900961479891565,"standard_error":0.00999080500293173},"median":{"confidence_interval":{"confidence_level":0.95,"lower_bound":0.043033835271679255,"upper_bound":0.0939994898310006},"point_estimate":0.0675522528857615,"standard_error":0.012886454844002327}}