{"mean":{"confidence_interval":{"confidence_level":0.95,"lower_bound":-0.008609927278696021,"upper_bound":-0.005248299398020357},"point_estimate":-0.00685943573098069,"standard_error":0.0008577984120507026},"median":{"confidence_interval":{"confidence_level":0.95,"lower_bound":-0.00700297924066029,"upper_bound":-0.005038511182048122},"point_estimate":-0.005562874993119249,"standard_error":0.0005141914189257741}}