{"mean":{"confidence_interval":{"confidence_level":0.95,"lower_bound":-0.18113781655151506,"upper_bound":-0.17011445405152528},"point_estimate":-0.17609532031094555,"standard_error":0.002966937145129979},"median":{"confidence_interval":{"confidence_level":0.95,"lower_bound":-0.1874531019189538,"upper_bound":-0.18302770306397043},"point_estimate":-0.18539922978518342,"standard_error":0.0009482319757275839}}