{"mean":{"confidence_interval":{"confidence_level":0.95,"lower_bound":0.2163840804250854,"upper_bound":0.22086483459722003},"point_estimate":0.21875226311939078,"standard_error":0.0011423179730298987},"median":{"confidence_interval":{"confidence_level":0.95,"lower_bound":0.21771996855875164,"upper_bound":0.22274221916312942},"point_estimate":0.22090201285679645,"standard_error":0.0013219993195980443}}