{"mean":{"confidence_interval":{"confidence_level":0.95,"lower_bound":-0.009681508635473218,"upper_bound":-0.004952504493035218},"point_estimate":-0.007258565444833276,"standard_error":0.0012066753729137326},"median":{"confidence_interval":{"confidence_level":0.95,"lower_bound":-0.010402484016893435,"upper_bound":-0.006479331044802694},"point_estimate":-0.008945237637972503,"standard_error":0.0009970539281524808}}