{"mean":{"confidence_interval":{"confidence_level":0.95,"lower_bound":-0.005474285517641019,"upper_bound":-0.0010601698546662912},"point_estimate":-0.0033262599570969,"standard_error":0.001119770981676943},"median":{"confidence_interval":{"confidence_level":0.95,"lower_bound":-0.005434644239081381,"upper_bound":0.0005929668031494639},"point_estimate":-0.001668253322521851,"standard_error":0.0016982450939124298}}