{"mean":{"confidence_interval":{"confidence_level":0.95,"lower_bound":-0.011227875231670502,"upper_bound":-0.007131447544349224},"point_estimate":-0.009099869405104766,"standard_error":0.0010445332476914937},"median":{"confidence_interval":{"confidence_level":0.95,"lower_bound":-0.011624773133127153,"upper_bound":-0.006246087418875102},"point_estimate":-0.00914595433256582,"standard_error":0.001417597437619762}}