{"mean":{"confidence_interval":{"confidence_level":0.95,"lower_bound":-0.0018314665598253225,"upper_bound":0.013431955110334787},"point_estimate":0.006472368606682988,"standard_error":0.003912924784485989},"median":{"confidence_interval":{"confidence_level":0.95,"lower_bound":0.012995028919158269,"upper_bound":0.01764579778596942},"point_estimate":0.015137545419063425,"standard_error":0.0011136433574230715}}