{"mean":{"confidence_interval":{"confidence_level":0.95,"lower_bound":-0.012395481921414127,"upper_bound":-0.008183614261042839},"point_estimate":-0.010187642652282114,"standard_error":0.001078143183967021},"median":{"confidence_interval":{"confidence_level":0.95,"lower_bound":-0.010154307756270464,"upper_bound":-0.006443881451763385},"point_estimate":-0.008529634973884148,"standard_error":0.0009279950614543832}}