{"mean":{"confidence_interval":{"confidence_level":0.95,"lower_bound":-0.16397077776588004,"upper_bound":-0.15926816081123074},"point_estimate":-0.16159608346123233,"standard_error":0.0012204789859199298},"median":{"confidence_interval":{"confidence_level":0.95,"lower_bound":-0.1658526281989694,"upper_bound":-0.16412283074977674},"point_estimate":-0.1651972212348226,"standard_error":0.0004447803927739131}}