{"mean":{"confidence_interval":{"confidence_level":0.95,"lower_bound":0.00820305798480186,"upper_bound":0.012320209693637679},"point_estimate":0.010330854934675893,"standard_error":0.0010417909307093712},"median":{"confidence_interval":{"confidence_level":0.95,"lower_bound":0.00969466698629813,"upper_bound":0.012691340299754333},"point_estimate":0.011207881000743214,"standard_error":0.000778559247616633}}