{"mean":{"confidence_interval":{"confidence_level":0.95,"lower_bound":-0.0054156123369296615,"upper_bound":-0.003507784783268242},"point_estimate":-0.004453631097996458,"standard_error":0.0004853422428080555},"median":{"confidence_interval":{"confidence_level":0.95,"lower_bound":-0.005488122429069153,"upper_bound":-0.003977385229029795},"point_estimate":-0.00464677051244089,"standard_error":0.0003845570269421778}}