{"mean":{"confidence_interval":{"confidence_level":0.95,"lower_bound":0.048408005726572646,"upper_bound":0.056186187103536143},"point_estimate":0.05219949525967049,"standard_error":0.001980620849115135},"median":{"confidence_interval":{"confidence_level":0.95,"lower_bound":0.047835520044467346,"upper_bound":0.05788853607608324},"point_estimate":0.05273753835304307,"standard_error":0.002666887638959361}}