{"mean":{"confidence_interval":{"confidence_level":0.95,"lower_bound":-0.048731356560379316,"upper_bound":-0.02269952769313154},"point_estimate":-0.035709634679550795,"standard_error":0.0066508752077416595},"median":{"confidence_interval":{"confidence_level":0.95,"lower_bound":-0.053211960091681686,"upper_bound":-0.02719589892089891},"point_estimate":-0.045378421765488675,"standard_error":0.006532403274478863}}