{"mean":{"confidence_interval":{"confidence_level":0.95,"lower_bound":-0.11597185779236513,"upper_bound":-0.11317037784004969},"point_estimate":-0.11463920496723723,"standard_error":0.0007012583125074324},"median":{"confidence_interval":{"confidence_level":0.95,"lower_bound":-0.11704166076379308,"upper_bound":-0.11462435549393157},"point_estimate":-0.11615720234268667,"standard_error":0.0006629329702492799}}