{"mean":{"confidence_interval":{"confidence_level":0.95,"lower_bound":1.2222666744628674,"upper_bound":1.2560156604219275},"point_estimate":1.2393509058176901,"standard_error":0.008610782983899218},"median":{"confidence_interval":{"confidence_level":0.95,"lower_bound":1.2165130066475207,"upper_bound":1.2702464840084677},"point_estimate":1.234898082116537,"standard_error":0.01284119473738486}}