{"mean":{"confidence_interval":{"confidence_level":0.95,"lower_bound":-0.014114550979966245,"upper_bound":-0.010586347461094001},"point_estimate":-0.01232282177786459,"standard_error":0.0008914560315885118},"median":{"confidence_interval":{"confidence_level":0.95,"lower_bound":-0.016523645934813036,"upper_bound":-0.011242163413477502},"point_estimate":-0.01406743112165032,"standard_error":0.0015562256558083482}}