{"mean":{"confidence_interval":{"confidence_level":0.95,"lower_bound":0.16738585675293088,"upper_bound":0.17572275637438517},"point_estimate":0.17188122305544806,"standard_error":0.0021246393058523025},"median":{"confidence_interval":{"confidence_level":0.95,"lower_bound":0.16957236549251453,"upper_bound":0.17887089091010533},"point_estimate":0.17523536343901513,"standard_error":0.002648350115418926}}