{"mean":{"confidence_interval":{"confidence_level":0.95,"lower_bound":131.09850880090522,"upper_bound":131.24112808505396},"point_estimate":131.16909590772232,"standard_error":0.03638273880990736},"median":{"confidence_interval":{"confidence_level":0.95,"lower_bound":131.03931102910695,"upper_bound":131.19458984892657},"point_estimate":131.14068450346645,"standard_error":0.0456489778544623},"median_abs_dev":{"confidence_interval":{"confidence_level":0.95,"lower_bound":0.1973032009169889,"upper_bound":0.3375339228074841},"point_estimate":0.2657430555301042,"standard_error":0.03371783793912339},"slope":{"confidence_interval":{"confidence_level":0.95,"lower_bound":131.12391007951726,"upper_bound":131.25018448000972},"point_estimate":131.18611259072037,"standard_error":0.03219733342702143},"std_dev":{"confidence_interval":{"confidence_level":0.95,"lower_bound":0.2943571444668041,"upper_bound":0.431278486708219},"point_estimate":0.36536541712370396,"standard_error":0.03507360037824399}}