{"mean":{"confidence_interval":{"confidence_level":0.95,"lower_bound":27369.034137658113,"upper_bound":27460.596901303074},"point_estimate":27412.1444714137,"standard_error":23.378326142467216},"median":{"confidence_interval":{"confidence_level":0.95,"lower_bound":27339.607335907334,"upper_bound":27413.567567567567},"point_estimate":27368.30234038386,"standard_error":21.66027099261513},"median_abs_dev":{"confidence_interval":{"confidence_level":0.95,"lower_bound":118.11797772721778,"upper_bound":206.84475227520298},"point_estimate":164.59242509641345,"standard_error":22.2753184839981},"slope":{"confidence_interval":{"confidence_level":0.95,"lower_bound":27332.42782159362,"upper_bound":27455.42363748505},"point_estimate":27388.476881607483,"standard_error":31.50790358227728},"std_dev":{"confidence_interval":{"confidence_level":0.95,"lower_bound":165.52242091252862,"upper_bound":313.5294017536759},"point_estimate":234.9924906264416,"standard_error":40.48907585788028}}