{"mean":{"confidence_interval":{"confidence_level":0.95,"lower_bound":3251544.7248750003,"upper_bound":3262373.024125},"point_estimate":3256976.33375,"standard_error":2734.334316716194},"median":{"confidence_interval":{"confidence_level":0.95,"lower_bound":3258791.625,"upper_bound":3260662.71875},"point_estimate":3259829.40625,"standard_error":563.1346503836616},"median_abs_dev":{"confidence_interval":{"confidence_level":0.95,"lower_bound":6050.027180090547,"upper_bound":11046.111103892326},"point_estimate":8262.390659563243,"standard_error":1422.2815323613954},"slope":null,"std_dev":{"confidence_interval":{"confidence_level":0.95,"lower_bound":15302.256248888312,"upper_bound":37991.01704957503},"point_estimate":27549.59567163036,"standard_error":5800.759465351403}}