{"mean":{"confidence_interval":{"confidence_level":0.95,"lower_bound":0.013910595445352175,"upper_bound":0.01779815166588168},"point_estimate":0.015839656935012547,"standard_error":0.0009888289313222977},"median":{"confidence_interval":{"confidence_level":0.95,"lower_bound":0.015562121734138845,"upper_bound":0.01700860179933361},"point_estimate":0.016339872719762782,"standard_error":0.00035196324576440807}}