{"mean":{"confidence_interval":{"confidence_level":0.95,"lower_bound":4102522.9899375,"upper_bound":4149193.111250001},"point_estimate":4123099.000000002,"standard_error":11948.509509138416},"median":{"confidence_interval":{"confidence_level":0.95,"lower_bound":4097633.6666666665,"upper_bound":4116420.0833333335},"point_estimate":4108470.458333333,"standard_error":4364.20131610996},"median_abs_dev":{"confidence_interval":{"confidence_level":0.95,"lower_bound":26764.018274843922,"upper_bound":45728.942938148284},"point_estimate":35564.36106860626,"standard_error":4964.318259503244},"slope":null,"std_dev":{"confidence_interval":{"confidence_level":0.95,"lower_bound":58602.8719470299,"upper_bound":181879.0744978744},"point_estimate":119602.4142062623,"standard_error":36334.065979574705}}