{"mean":{"confidence_interval":{"confidence_level":0.95,"lower_bound":2685818.0254078954,"upper_bound":2712532.2259078943},"point_estimate":2699262.657894737,"standard_error":6815.594065237808},"median":{"confidence_interval":{"confidence_level":0.95,"lower_bound":2692081.1052631577,"upper_bound":2713614.0},"point_estimate":2702446.263157895,"standard_error":5599.369338175993},"median_abs_dev":{"confidence_interval":{"confidence_level":0.95,"lower_bound":37887.53020104583,"upper_bound":60128.207485142324},"point_estimate":51057.036593556404,"standard_error":5713.304721691379},"slope":null,"std_dev":{"confidence_interval":{"confidence_level":0.95,"lower_bound":50555.183593605376,"upper_bound":85102.80241260801},"point_estimate":68370.29622981779,"standard_error":8830.747287448585}}