{"mean":{"confidence_interval":{"confidence_level":0.95,"lower_bound":2734447.666000003,"upper_bound":2831195.693000002},"point_estimate":2779648.7330000033,"standard_error":24693.269347632733},"median":{"confidence_interval":{"confidence_level":0.95,"lower_bound":2693389.55,"upper_bound":2733037.5},"point_estimate":2705888.525,"standard_error":9851.30763066506},"median_abs_dev":{"confidence_interval":{"confidence_level":0.95,"lower_bound":57072.38946676261,"upper_bound":143258.51029377812},"point_estimate":93357.46709257364,"standard_error":22956.992419311402},"slope":null,"std_dev":{"confidence_interval":{"confidence_level":0.95,"lower_bound":167294.4687399283,"upper_bound":317528.3317966214},"point_estimate":248094.56698909722,"standard_error":38444.33763877306}}