{"mean":{"confidence_interval":{"confidence_level":0.95,"lower_bound":11616391.70865,"upper_bound":13304280.31085},"point_estimate":12400128.828000003,"standard_error":433850.32371460006},"median":{"confidence_interval":{"confidence_level":0.95,"lower_bound":10556262.5,"upper_bound":11145195.8},"point_estimate":10803679.1,"standard_error":161286.7953940653},"median_abs_dev":{"confidence_interval":{"confidence_level":0.95,"lower_bound":629184.4424897427,"upper_bound":1331426.7785574477},"point_estimate":896052.2894918905,"standard_error":170700.4931597346},"slope":null,"std_dev":{"confidence_interval":{"confidence_level":0.95,"lower_bound":2787400.4279364212,"upper_bound":5658887.804706911},"point_estimate":4357063.770733322,"standard_error":733222.8715978992}}