{"mean":{"confidence_interval":{"confidence_level":0.95,"lower_bound":2606270.8757875036,"upper_bound":2649132.8657125034},"point_estimate":2627578.3375000027,"standard_error":10970.950126207332},"median":{"confidence_interval":{"confidence_level":0.95,"lower_bound":2570098.95,"upper_bound":2672837.4749999996},"point_estimate":2625428.0999999996,"standard_error":27022.05874139096},"median_abs_dev":{"confidence_interval":{"confidence_level":0.95,"lower_bound":108940.8548791632,"upper_bound":166015.6887826324},"point_estimate":154956.3825389738,"standard_error":14254.499960172141},"slope":null,"std_dev":{"confidence_interval":{"confidence_level":0.95,"lower_bound":100150.86462796574,"upper_bound":120173.79343222122},"point_estimate":110591.49355129294,"standard_error":5111.398635468603}}