{"mean":{"confidence_interval":{"confidence_level":0.95,"lower_bound":2665494.8150394745,"upper_bound":2696074.4606315806},"point_estimate":2680803.5136842113,"standard_error":7786.337916455666},"median":{"confidence_interval":{"confidence_level":0.95,"lower_bound":2669665.552631579,"upper_bound":2702789.4736842103},"point_estimate":2680634.842105263,"standard_error":9873.80071006979},"median_abs_dev":{"confidence_interval":{"confidence_level":0.95,"lower_bound":50031.27249071411,"upper_bound":87159.67248944847},"point_estimate":68513.36376259208,"standard_error":9584.487466995079},"slope":null,"std_dev":{"confidence_interval":{"confidence_level":0.95,"lower_bound":66334.43541311756,"upper_bound":88920.02337105738},"point_estimate":78294.44829809015,"standard_error":5760.2644343805105}}