{"mean":{"confidence_interval":{"confidence_level":0.95,"lower_bound":0.10922267152302116,"upper_bound":0.15187507509704368},"point_estimate":0.1284645419224808,"standard_error":0.010926958261118537},"median":{"confidence_interval":{"confidence_level":0.95,"lower_bound":0.11433851232419645,"upper_bound":0.14509816981465318},"point_estimate":0.1347143883422932,"standard_error":0.007282593119993119}}