{"mean":{"confidence_interval":{"confidence_level":0.95,"lower_bound":-0.10911709665702254,"upper_bound":-0.05863264573017702},"point_estimate":-0.08331364253072737,"standard_error":0.012901415422627044},"median":{"confidence_interval":{"confidence_level":0.95,"lower_bound":-0.07906195686501205,"upper_bound":-0.023894715486683094},"point_estimate":-0.04305367484874012,"standard_error":0.013499702988339251}}