{"mean":{"confidence_interval":{"confidence_level":0.95,"lower_bound":-0.5541893765186663,"upper_bound":-0.5286184356809197},"point_estimate":-0.5407078551182858,"standard_error":0.00654393801762367},"median":{"confidence_interval":{"confidence_level":0.95,"lower_bound":-0.5311870325618095,"upper_bound":-0.5185194279209968},"point_estimate":-0.5246537023807253,"standard_error":0.0033114351390231027}}