{"mean":{"confidence_interval":{"confidence_level":0.95,"lower_bound":0.00005429688390035111,"upper_bound":0.02870750673347212},"point_estimate":0.014270111176645006,"standard_error":0.007356314939598349},"median":{"confidence_interval":{"confidence_level":0.95,"lower_bound":-0.007859463804064987,"upper_bound":0.008574698799632241},"point_estimate":0.0016655909031590976,"standard_error":0.004375643819650115}}