{"mean":{"confidence_interval":{"confidence_level":0.95,"lower_bound":0.01382799086060143,"upper_bound":0.02109340505698302},"point_estimate":0.017547834838375298,"standard_error":0.001854514305321074},"median":{"confidence_interval":{"confidence_level":0.95,"lower_bound":0.013769934882858603,"upper_bound":0.028069373381416574},"point_estimate":0.021009627227877692,"standard_error":0.004388638566335444}}