{"mean":{"confidence_interval":{"confidence_level":0.95,"lower_bound":-0.001206707792622305,"upper_bound":0.0983715391804795},"point_estimate":0.050367165503711675,"standard_error":0.02539896618200521},"median":{"confidence_interval":{"confidence_level":0.95,"lower_bound":0.03025907815630391,"upper_bound":0.08344729723094524},"point_estimate":0.05302198938404867,"standard_error":0.013800121916458415}}