{"mean":{"confidence_interval":{"confidence_level":0.95,"lower_bound":-0.8489694642650486,"upper_bound":-0.8271087032125505},"point_estimate":-0.8380067827647747,"standard_error":0.005656791204486729},"median":{"confidence_interval":{"confidence_level":0.95,"lower_bound":-0.8623667987545434,"upper_bound":-0.8538605266833525},"point_estimate":-0.8591020114326516,"standard_error":0.0022380671004936363}}