{"mean":{"confidence_interval":{"confidence_level":0.95,"lower_bound":-0.0006415504046066305,"upper_bound":0.01343135247572219},"point_estimate":0.006528727946593094,"standard_error":0.003602791155704892},"median":{"confidence_interval":{"confidence_level":0.95,"lower_bound":-0.002446499778592126,"upper_bound":0.012252217171649038},"point_estimate":0.0038420559406910915,"standard_error":0.0037784790105309433}}