{"mean":{"confidence_interval":{"confidence_level":0.95,"lower_bound":-0.01110092611701236,"upper_bound":0.012346051538028239},"point_estimate":0.001008081468948152,"standard_error":0.005988470497513226},"median":{"confidence_interval":{"confidence_level":0.95,"lower_bound":-0.02213865413736716,"upper_bound":0.0297375930120658},"point_estimate":0.00874543422608487,"standard_error":0.013371467700867161}}