{"mean":{"confidence_interval":{"confidence_level":0.95,"lower_bound":0.12327409898964774,"upper_bound":0.21611493118785027},"point_estimate":0.16816578197612975,"standard_error":0.024104256693057654},"median":{"confidence_interval":{"confidence_level":0.95,"lower_bound":0.09115944439992951,"upper_bound":0.13895021766303173},"point_estimate":0.12162035240791313,"standard_error":0.013173697777116963}}