{"mean":{"confidence_interval":{"confidence_level":0.95,"lower_bound":0.01059183808789594,"upper_bound":0.04400441946646607},"point_estimate":0.025573180196895473,"standard_error":0.008689104050225677},"median":{"confidence_interval":{"confidence_level":0.95,"lower_bound":-0.007841499589852474,"upper_bound":0.007156160335909378},"point_estimate":-0.003262978185790577,"standard_error":0.0038931675820397453}}