{"mean":{"confidence_interval":{"confidence_level":0.95,"lower_bound":-0.015235869332568883,"upper_bound":0.003958827809574334},"point_estimate":-0.005958210751156989,"standard_error":0.0048938552997690446},"median":{"confidence_interval":{"confidence_level":0.95,"lower_bound":-0.02408072563835073,"upper_bound":0.014757432111023983},"point_estimate":-0.0063485646398009354,"standard_error":0.010401817380172125}}