{"mean":{"confidence_interval":{"confidence_level":0.95,"lower_bound":0.004158833997780299,"upper_bound":0.018057040197400103},"point_estimate":0.0110165805677227,"standard_error":0.0035461715264709726},"median":{"confidence_interval":{"confidence_level":0.95,"lower_bound":0.0030940785111639446,"upper_bound":0.018399541596729397},"point_estimate":0.01272528490992575,"standard_error":0.004226089141828123}}