{"mean":{"confidence_interval":{"confidence_level":0.95,"lower_bound":-0.042106057726990595,"upper_bound":-0.007469760335635535},"point_estimate":-0.02355324692055949,"standard_error":0.008856202851922663},"median":{"confidence_interval":{"confidence_level":0.95,"lower_bound":-0.030738854012872907,"upper_bound":-0.014976094190190303},"point_estimate":-0.025100072737453294,"standard_error":0.004265162326385688}}