{"mean":{"confidence_interval":{"confidence_level":0.95,"lower_bound":-0.6902053561897061,"upper_bound":-0.6448109464434507},"point_estimate":-0.6674954706365732,"standard_error":0.011614075066168902},"median":{"confidence_interval":{"confidence_level":0.95,"lower_bound":-0.6313684809078606,"upper_bound":-0.6108810886949362},"point_estimate":-0.6197156153653867,"standard_error":0.005624596798499547}}