{"mean":{"confidence_interval":{"confidence_level":0.95,"lower_bound":-0.07048651023737586,"upper_bound":-0.02907303288391032},"point_estimate":-0.04919254118842442,"standard_error":0.010581981115790048},"median":{"confidence_interval":{"confidence_level":0.95,"lower_bound":-0.051759568693964524,"upper_bound":-0.008104615173703422},"point_estimate":-0.035458301660800995,"standard_error":0.011494995885403295}}