{"mean":{"confidence_interval":{"confidence_level":0.95,"lower_bound":2713616.910526317,"upper_bound":2748689.3659473686},"point_estimate":2731198.315789474,"standard_error":8949.171897083703},"median":{"confidence_interval":{"confidence_level":0.95,"lower_bound":2709371.6842105263,"upper_bound":2733183.0789473685},"point_estimate":2724899.1052631577,"standard_error":6399.788472613376},"median_abs_dev":{"confidence_interval":{"confidence_level":0.95,"lower_bound":41383.46582477097,"upper_bound":84293.61166138413},"point_estimate":60900.36896090744,"standard_error":11032.095801493891},"slope":null,"std_dev":{"confidence_interval":{"confidence_level":0.95,"lower_bound":75430.02511652322,"upper_bound":102856.24243257346},"point_estimate":89934.67597746899,"standard_error":7013.41248468806}}