{"mean":{"confidence_interval":{"confidence_level":0.95,"lower_bound":2699942.713026316,"upper_bound":2721038.912684209},"point_estimate":2710336.8015789473,"standard_error":5371.14819602314},"median":{"confidence_interval":{"confidence_level":0.95,"lower_bound":2700607.4210526315,"upper_bound":2723487.921052632},"point_estimate":2714746.6842105263,"standard_error":5181.060476359938},"median_abs_dev":{"confidence_interval":{"confidence_level":0.95,"lower_bound":40043.19154698612,"upper_bound":61075.94001042217},"point_estimate":52256.77209857254,"standard_error":5495.569895183497},"slope":null,"std_dev":{"confidence_interval":{"confidence_level":0.95,"lower_bound":43415.08811142137,"upper_bound":64613.12345385954},"point_estimate":54113.951645835485,"standard_error":5443.029022033317}}