{"mean":{"confidence_interval":{"confidence_level":0.95,"lower_bound":2330371.7304318184,"upper_bound":2386904.2268295446},"point_estimate":2356741.9177272725,"standard_error":14434.920748837207},"median":{"confidence_interval":{"confidence_level":0.95,"lower_bound":2294454.545454546,"upper_bound":2326601.3181818184},"point_estimate":2310448.8636363633,"standard_error":8453.00009528413},"median_abs_dev":{"confidence_interval":{"confidence_level":0.95,"lower_bound":41097.23322946923,"upper_bound":76074.52963577065},"point_estimate":56651.86346240997,"standard_error":8759.6109251304},"slope":null,"std_dev":{"confidence_interval":{"confidence_level":0.95,"lower_bound":99519.3186667002,"upper_bound":183039.61858844248},"point_estimate":144869.64771821085,"standard_error":21319.757383686992}}