{"mean":{"confidence_interval":{"confidence_level":0.95,"lower_bound":4932902.424225006,"upper_bound":5206020.3235000055},"point_estimate":5059054.765000004,"standard_error":70012.34290330335},"median":{"confidence_interval":{"confidence_level":0.95,"lower_bound":4796450.0,"upper_bound":4919525.0},"point_estimate":4852477.05,"standard_error":32514.530650646204},"median_abs_dev":{"confidence_interval":{"confidence_level":0.95,"lower_bound":200076.86644792557,"upper_bound":362910.9457247927},"point_estimate":276396.7394229767,"standard_error":42742.154202646205},"slope":null,"std_dev":{"confidence_interval":{"confidence_level":0.95,"lower_bound":430676.509369156,"upper_bound":946489.370331664},"point_estimate":704654.4932737214,"standard_error":132143.1036996367}}