{"mean":{"confidence_interval":{"confidence_level":0.95,"lower_bound":76359874.50125001,"upper_bound":76741519.30399999},"point_estimate":76547210.06,"standard_error":97564.10240423711},"median":{"confidence_interval":{"confidence_level":0.95,"lower_bound":76490166.0,"upper_bound":76842542.0},"point_estimate":76677312.5,"standard_error":93151.16598242843},"median_abs_dev":{"confidence_interval":{"confidence_level":0.95,"lower_bound":674953.6380171776,"upper_bound":1326462.9226505756},"point_estimate":947875.8302718401,"standard_error":167548.8346050784},"slope":null,"std_dev":{"confidence_interval":{"confidence_level":0.95,"lower_bound":809654.6707088152,"upper_bound":1176339.0793781618},"point_estimate":982878.9815130638,"standard_error":96266.8148584888}}