{"mean":{"confidence_interval":{"confidence_level":0.95,"lower_bound":43255400.243375,"upper_bound":43309588.473375},"point_estimate":43280888.385,"standard_error":13852.450672440738},"median":{"confidence_interval":{"confidence_level":0.95,"lower_bound":43235416.5,"upper_bound":43283187.5},"point_estimate":43259822.75,"standard_error":10707.18338569147},"median_abs_dev":{"confidence_interval":{"confidence_level":0.95,"lower_bound":69049.12857413292,"upper_bound":105820.57312130928},"point_estimate":88353.6921814084,"standard_error":9508.923301557823},"slope":null,"std_dev":{"confidence_interval":{"confidence_level":0.95,"lower_bound":94012.20074065115,"upper_bound":187935.51584183465},"point_estimate":138885.1324043143,"standard_error":25412.199573227153}}