{"mean":{"confidence_interval":{"confidence_level":0.95,"lower_bound":10562383.320350012,"upper_bound":10624638.614000008},"point_estimate":10592331.772000011,"standard_error":15912.084203400918},"median":{"confidence_interval":{"confidence_level":0.95,"lower_bound":10509550.0,"upper_bound":10524483.2},"point_estimate":10516595.7,"standard_error":4344.860877862904},"median_abs_dev":{"confidence_interval":{"confidence_level":0.95,"lower_bound":18662.227168679237,"upper_bound":40981.58369243311},"point_estimate":27224.242016673088,"standard_error":6159.965777855791},"slope":null,"std_dev":{"confidence_interval":{"confidence_level":0.95,"lower_bound":122762.97336418497,"upper_bound":195103.8870001888},"point_estimate":160063.4181138025,"standard_error":18576.967046903377}}