{"mean":{"confidence_interval":{"confidence_level":0.95,"lower_bound":10712809.937900014,"upper_bound":10790660.469500013},"point_estimate":10751800.090000011,"standard_error":19891.15324713231},"median":{"confidence_interval":{"confidence_level":0.95,"lower_bound":10590879.1,"upper_bound":10910637.399999999},"point_estimate":10749620.7,"standard_error":91056.3081695289},"median_abs_dev":{"confidence_interval":{"confidence_level":0.95,"lower_bound":108371.97941601332,"upper_bound":311135.9100562331},"point_estimate":301363.0558097357,"standard_error":59728.23957028278},"slope":null,"std_dev":{"confidence_interval":{"confidence_level":0.95,"lower_bound":188665.32468526837,"upper_bound":208530.09614908425},"point_estimate":199874.00433616273,"standard_error":5058.461476599796}}