{"mean":{"confidence_interval":{"confidence_level":0.95,"lower_bound":22826631.08666667,"upper_bound":23450875.50133334},"point_estimate":23126470.843333334,"standard_error":159720.37882278571},"median":{"confidence_interval":{"confidence_level":0.95,"lower_bound":22223291.5,"upper_bound":22251416.666666668},"point_estimate":22235861.0,"standard_error":7101.301902195956},"median_abs_dev":{"confidence_interval":{"confidence_level":0.95,"lower_bound":95030.4576128712,"upper_bound":231564.6088539116},"point_estimate":199203.61506342888,"standard_error":29337.87153621662},"slope":null,"std_dev":{"confidence_interval":{"confidence_level":0.95,"lower_bound":1404539.0033378007,"upper_bound":1750397.913548653},"point_estimate":1612078.1646250542,"standard_error":89827.76917559956}}