{"mean":{"confidence_interval":{"confidence_level":0.95,"lower_bound":22329797.17966668,"upper_bound":22691752.970416665},"point_estimate":22498725.30666666,"standard_error":92432.28690816594},"median":{"confidence_interval":{"confidence_level":0.95,"lower_bound":22165902.666666668,"upper_bound":22314805.333333336},"point_estimate":22308708.166666668,"standard_error":61382.42314236582},"median_abs_dev":{"confidence_interval":{"confidence_level":0.95,"lower_bound":197443.02759468555,"upper_bound":292072.19481468474},"point_estimate":216717.07435250466,"standard_error":26442.84125531639},"slope":null,"std_dev":{"confidence_interval":{"confidence_level":0.95,"lower_bound":616647.6203946975,"upper_bound":1174140.9377569663},"point_estimate":932015.685954125,"standard_error":143219.92270315925}}