{"mean":{"confidence_interval":{"confidence_level":0.95,"lower_bound":18610481.80608334,"upper_bound":18759180.96424999},"point_estimate":18682490.713333324,"standard_error":37974.71050523965},"median":{"confidence_interval":{"confidence_level":0.95,"lower_bound":18535062.333333336,"upper_bound":18666097.0},"point_estimate":18559270.666666664,"standard_error":32175.352564491597},"median_abs_dev":{"confidence_interval":{"confidence_level":0.95,"lower_bound":193664.62156176567,"upper_bound":343078.08170914097},"point_estimate":233818.3708488923,"standard_error":37352.18080947159},"slope":null,"std_dev":{"confidence_interval":{"confidence_level":0.95,"lower_bound":309362.1624792102,"upper_bound":445887.480100706},"point_estimate":382236.797763857,"standard_error":34874.33166484463}}