{"mean":{"confidence_interval":{"confidence_level":0.95,"lower_bound":48012.781739072234,"upper_bound":48615.1786056781},"point_estimate":48303.556856015035,"standard_error":153.46319641435375},"median":{"confidence_interval":{"confidence_level":0.95,"lower_bound":47807.43711843712,"upper_bound":48548.80066222177},"point_estimate":48256.74897959184,"standard_error":200.85708297021637},"median_abs_dev":{"confidence_interval":{"confidence_level":0.95,"lower_bound":1063.614195402786,"upper_bound":1568.8641424330879},"point_estimate":1342.6978184837794,"standard_error":129.9160296656447},"slope":{"confidence_interval":{"confidence_level":0.95,"lower_bound":47488.638096684415,"upper_bound":48200.27032109846},"point_estimate":47831.36157346225,"standard_error":181.7466613944451},"std_dev":{"confidence_interval":{"confidence_level":0.95,"lower_bound":1177.0709320697435,"upper_bound":1931.6162702052673},"point_estimate":1542.8815032674995,"standard_error":198.0062621396847}}