{"mean":{"confidence_interval":{"confidence_level":0.95,"lower_bound":5934176.86186111,"upper_bound":5945444.852972223},"point_estimate":5939675.24222222,"standard_error":2867.5048223904023},"median":{"confidence_interval":{"confidence_level":0.95,"lower_bound":5930703.666666666,"upper_bound":5945250.0},"point_estimate":5935425.888888889,"standard_error":3571.4822965796266},"median_abs_dev":{"confidence_interval":{"confidence_level":0.95,"lower_bound":19308.064190546516,"upper_bound":31591.075505813118},"point_estimate":24517.838131388642,"standard_error":3255.84123779607},"slope":null,"std_dev":{"confidence_interval":{"confidence_level":0.95,"lower_bound":22720.711876960333,"upper_bound":34689.62924516201},"point_estimate":28705.04376874651,"standard_error":3092.7145043935448}}