{"mean":{"confidence_interval":{"confidence_level":0.95,"lower_bound":60078763.9965,"upper_bound":60612655.93},"point_estimate":60336850.5,"standard_error":137008.37116159283},"median":{"confidence_interval":{"confidence_level":0.95,"lower_bound":59824541.0,"upper_bound":60478020.5},"point_estimate":60034604.0,"standard_error":168663.04015851044},"median_abs_dev":{"confidence_interval":{"confidence_level":0.95,"lower_bound":939811.097987518,"upper_bound":1710024.1379410028},"point_estimate":1167300.6263762712,"standard_error":201330.96130894433},"slope":null,"std_dev":{"confidence_interval":{"confidence_level":0.95,"lower_bound":1147536.703354189,"upper_bound":1627185.3913486334},"point_estimate":1386965.710196499,"standard_error":123993.03687446091}}