{"mean":{"confidence_interval":{"confidence_level":0.95,"lower_bound":19100722.787416663,"upper_bound":19258970.702749997},"point_estimate":19171590.593333323,"standard_error":40550.222257267065},"median":{"confidence_interval":{"confidence_level":0.95,"lower_bound":19051604.166666664,"upper_bound":19203277.666666668},"point_estimate":19110604.166666664,"standard_error":36384.472176012605},"median_abs_dev":{"confidence_interval":{"confidence_level":0.95,"lower_bound":192141.00298881347,"upper_bound":298764.4039958752},"point_estimate":245102.68634855194,"standard_error":27215.93911800594},"slope":null,"std_dev":{"confidence_interval":{"confidence_level":0.95,"lower_bound":204547.26761808485,"upper_bound":587917.9636584179},"point_estimate":403944.3105377878,"standard_error":103834.87429666553}}