{"mean":{"confidence_interval":{"confidence_level":0.95,"lower_bound":80796611.29475,"upper_bound":81250382.51},"point_estimate":81005000.42,"standard_error":116336.0287719405},"median":{"confidence_interval":{"confidence_level":0.95,"lower_bound":80472083.0,"upper_bound":81052500.0},"point_estimate":80681583.5,"standard_error":159111.54720584294},"median_abs_dev":{"confidence_interval":{"confidence_level":0.95,"lower_bound":505225.5930304527,"upper_bound":1009113.8994171425},"point_estimate":766226.9401967525,"standard_error":126908.55117246682},"slope":null,"std_dev":{"confidence_interval":{"confidence_level":0.95,"lower_bound":689903.412809038,"upper_bound":1669023.014634074},"point_estimate":1173252.487703137,"standard_error":272674.28934422234}}