{"mean":{"confidence_interval":{"confidence_level":0.95,"lower_bound":6815483.965,"upper_bound":6986838.08},"point_estimate":6894069.38125,"standard_error":43858.731076927084},"median":{"confidence_interval":{"confidence_level":0.95,"lower_bound":6713614.5,"upper_bound":6765510.375},"point_estimate":6735770.8125,"standard_error":13811.231804015586},"median_abs_dev":{"confidence_interval":{"confidence_level":0.95,"lower_bound":67717.0124977827,"upper_bound":157989.55969512463},"point_estimate":99932.70531333983,"standard_error":25246.761185028066},"slope":null,"std_dev":{"confidence_interval":{"confidence_level":0.95,"lower_bound":256068.94050796767,"upper_bound":613775.3172015611},"point_estimate":443532.84511572064,"standard_error":93388.84760366037}}