{"mean":{"confidence_interval":{"confidence_level":0.95,"lower_bound":8003388.165714286,"upper_bound":8215304.989321429},"point_estimate":8103317.99,"standard_error":54277.28901750172},"median":{"confidence_interval":{"confidence_level":0.95,"lower_bound":7851669.642857143,"upper_bound":7942184.428571428},"point_estimate":7893098.214285715,"standard_error":25388.334029558984},"median_abs_dev":{"confidence_interval":{"confidence_level":0.95,"lower_bound":96624.069024579,"upper_bound":206456.49413466454},"point_estimate":138870.2681345603,"standard_error":30349.78841975047},"slope":null,"std_dev":{"confidence_interval":{"confidence_level":0.95,"lower_bound":385220.8823122627,"upper_bound":678024.930918057},"point_estimate":544836.2635530025,"standard_error":74806.17231532236}}