{"mean":{"confidence_interval":{"confidence_level":0.95,"lower_bound":7465353.698571425,"upper_bound":7553013.7475},"point_estimate":7504235.661428571,"standard_error":22643.350611457125},"median":{"confidence_interval":{"confidence_level":0.95,"lower_bound":7430773.785714285,"upper_bound":7454348.214285715},"point_estimate":7440797.571428571,"standard_error":6797.6603556532855},"median_abs_dev":{"confidence_interval":{"confidence_level":0.95,"lower_bound":36504.576551914215,"upper_bound":70538.18844769633},"point_estimate":50209.83660859642,"standard_error":8706.873045022647},"slope":null,"std_dev":{"confidence_interval":{"confidence_level":0.95,"lower_bound":105262.97650534863,"upper_bound":332077.4215696715},"point_estimate":227059.53789508322,"standard_error":59633.76926883043}}