{"mean":{"confidence_interval":{"confidence_level":0.95,"lower_bound":12719920.043125,"upper_bound":12808307.8175},"point_estimate":12759614.6875,"standard_error":22760.3130850806},"median":{"confidence_interval":{"confidence_level":0.95,"lower_bound":12680073.0,"upper_bound":12721083.25},"point_estimate":12693875.0,"standard_error":9415.453853090674},"median_abs_dev":{"confidence_interval":{"confidence_level":0.95,"lower_bound":61944.88015025854,"upper_bound":110476.8636636436},"point_estimate":83342.31894537807,"standard_error":12483.774136879614},"slope":null,"std_dev":{"confidence_interval":{"confidence_level":0.95,"lower_bound":117613.94924000968,"upper_bound":321884.0975623988},"point_estimate":228633.63084287973,"standard_error":52545.449095903634}}