{"mean":{"confidence_interval":{"confidence_level":0.95,"lower_bound":2180106.797826086,"upper_bound":2185469.1726086955},"point_estimate":2182642.667391304,"standard_error":1369.3041157458622},"median":{"confidence_interval":{"confidence_level":0.95,"lower_bound":2177192.934782609,"upper_bound":2184663.9347826084},"point_estimate":2181949.2608695654,"standard_error":2099.0369674399412},"median_abs_dev":{"confidence_interval":{"confidence_level":0.95,"lower_bound":9925.652289001793,"upper_bound":14925.333935022354},"point_estimate":12749.811856254782,"standard_error":1223.6508295211056},"slope":null,"std_dev":{"confidence_interval":{"confidence_level":0.95,"lower_bound":10187.050969862003,"upper_bound":18063.162080752907},"point_estimate":13756.003811296521,"standard_error":2205.958026310483}}