{"mean":{"confidence_interval":{"confidence_level":0.95,"lower_bound":-0.01498832136669243,"upper_bound":0.0023734724062814128},"point_estimate":-0.0042079901922925655,"standard_error":0.0047183929554228225},"median":{"confidence_interval":{"confidence_level":0.95,"lower_bound":-0.003716838001842415,"upper_bound":0.0060544781318270235},"point_estimate":0.005021726343973576,"standard_error":0.00333938981798775}}