{"mean":{"confidence_interval":{"confidence_level":0.95,"lower_bound":0.012055755366165849,"upper_bound":0.018354750113445166},"point_estimate":0.01495957112075641,"standard_error":0.001581809428362209},"median":{"confidence_interval":{"confidence_level":0.95,"lower_bound":0.011412607934968344,"upper_bound":0.016159320559932633},"point_estimate":0.01474330962554915,"standard_error":0.0012214520356584521}}