{"mean":{"confidence_interval":{"confidence_level":0.95,"lower_bound":-0.0033360116468772265,"upper_bound":-0.0007332308210079574},"point_estimate":-0.0018807524885259275,"standard_error":0.0006696158380364363},"median":{"confidence_interval":{"confidence_level":0.95,"lower_bound":-0.0018363792592167583,"upper_bound":-0.0002918237167824911},"point_estimate":-0.0009164812772379793,"standard_error":0.00042199241704324444}}