{"mean":{"confidence_interval":{"confidence_level":0.95,"lower_bound":-0.039292274410150575,"upper_bound":-0.018532318082971684},"point_estimate":-0.02917588565624496,"standard_error":0.005282451265149573},"median":{"confidence_interval":{"confidence_level":0.95,"lower_bound":-0.049406290560949695,"upper_bound":-0.024849941342730775},"point_estimate":-0.03305452270738385,"standard_error":0.00635988013822711}}