{"mean":{"confidence_interval":{"confidence_level":0.95,"lower_bound":0.5000093180867773,"upper_bound":0.5247099369983981},"point_estimate":0.5133086937138358,"standard_error":0.006318335873912713},"median":{"confidence_interval":{"confidence_level":0.95,"lower_bound":0.5152409043717834,"upper_bound":0.5368463346331329},"point_estimate":0.521465229093887,"standard_error":0.0070508266409189555}}