{"mean":{"confidence_interval":{"confidence_level":0.95,"lower_bound":0.04710968393113113,"upper_bound":0.06557065957665942},"point_estimate":0.056490907014687286,"standard_error":0.004716882491783855},"median":{"confidence_interval":{"confidence_level":0.95,"lower_bound":0.04674129377025338,"upper_bound":0.07111923863914149},"point_estimate":0.056253264073092835,"standard_error":0.0061715430361821}}