{"mean":{"confidence_interval":{"confidence_level":0.95,"lower_bound":-0.018599215166728047,"upper_bound":-0.016713790100123187},"point_estimate":-0.01766263679788027,"standard_error":0.0004802736791025768},"median":{"confidence_interval":{"confidence_level":0.95,"lower_bound":-0.018910742729764785,"upper_bound":-0.017234486675542393},"point_estimate":-0.017943765484383145,"standard_error":0.00041903000441861893}}