{"mean":{"confidence_interval":{"confidence_level":0.95,"lower_bound":-0.18923526423343598,"upper_bound":-0.18566131480375556},"point_estimate":-0.18753610924764885,"standard_error":0.0009042591676540335},"median":{"confidence_interval":{"confidence_level":0.95,"lower_bound":-0.19068812748164354,"upper_bound":-0.18831691998062516},"point_estimate":-0.1899781138986696,"standard_error":0.000635351868308001}}