{"mean":{"confidence_interval":{"confidence_level":0.95,"lower_bound":0.012719322271851002,"upper_bound":0.015450773905802235},"point_estimate":0.014158866436886353,"standard_error":0.000698011500131809},"median":{"confidence_interval":{"confidence_level":0.95,"lower_bound":0.013376187565231179,"upper_bound":0.015745245660349492},"point_estimate":0.01451322668936883,"standard_error":0.0005995488833105348}}