{"mean":{"confidence_interval":{"confidence_level":0.95,"lower_bound":0.20645448150773166,"upper_bound":0.21055055659802535},"point_estimate":0.2085134599532974,"standard_error":0.00104391796285375},"median":{"confidence_interval":{"confidence_level":0.95,"lower_bound":0.20645844535207458,"upper_bound":0.2112219192576339},"point_estimate":0.20876827907910034,"standard_error":0.001257083274070774}}