{"mean":{"confidence_interval":{"confidence_level":0.95,"lower_bound":0.011087989688302496,"upper_bound":0.027577897367252722},"point_estimate":0.017333546303448077,"standard_error":0.004469187333849389},"median":{"confidence_interval":{"confidence_level":0.95,"lower_bound":0.010147656041042286,"upper_bound":0.012994157089750491},"point_estimate":0.011633803545047394,"standard_error":0.0007588030808025551}}