{"mean":{"confidence_interval":{"confidence_level":0.95,"lower_bound":-0.006396253120458814,"upper_bound":-0.0019812511304829385},"point_estimate":-0.003966113895103152,"standard_error":0.001127433612678045},"median":{"confidence_interval":{"confidence_level":0.95,"lower_bound":-0.00961474200803314,"upper_bound":0.0014345544842263743},"point_estimate":-0.007600793896670233,"standard_error":0.0032587253880526543}}