{"mean":{"confidence_interval":{"confidence_level":0.95,"lower_bound":0.000056803338699307483,"upper_bound":0.0014324633583987889},"point_estimate":0.0007280852478255273,"standard_error":0.00034610193671353543},"median":{"confidence_interval":{"confidence_level":0.95,"lower_bound":-0.00015590027972667286,"upper_bound":0.0009363734928837797},"point_estimate":0.00028614270209481596,"standard_error":0.00027671022028858734}}