{"mean":{"confidence_interval":{"confidence_level":0.95,"lower_bound":0.2088005638449734,"upper_bound":0.21354561903774005},"point_estimate":0.21113449548375063,"standard_error":0.0012128831945506626},"median":{"confidence_interval":{"confidence_level":0.95,"lower_bound":0.210299850167256,"upper_bound":0.21475247123590324},"point_estimate":0.2122005893532397,"standard_error":0.0011915417889471751}}