{"mean":{"confidence_interval":{"confidence_level":0.95,"lower_bound":-0.016204888695013662,"upper_bound":-0.010910194470709612},"point_estimate":-0.01356893158721284,"standard_error":0.001346261803427652},"median":{"confidence_interval":{"confidence_level":0.95,"lower_bound":-0.017199875629966166,"upper_bound":-0.010311600911086627},"point_estimate":-0.012285109597921395,"standard_error":0.0019081728281006482}}