{"mean":{"confidence_interval":{"confidence_level":0.95,"lower_bound":-0.004743200654142257,"upper_bound":-0.0013883501199515567},"point_estimate":-0.002895909672949948,"standard_error":0.0008573154713622066},"median":{"confidence_interval":{"confidence_level":0.95,"lower_bound":-0.0029077553699505014,"upper_bound":-0.0017982466328774205},"point_estimate":-0.0024336268132704175,"standard_error":0.0002995468177021706}}