{"mean":{"confidence_interval":{"confidence_level":0.95,"lower_bound":0.003034030972860363,"upper_bound":0.005115689594754147},"point_estimate":0.004058815555032069,"standard_error":0.000528271206365432},"median":{"confidence_interval":{"confidence_level":0.95,"lower_bound":0.0033373618102392477,"upper_bound":0.005408424506652132},"point_estimate":0.004249800603549625,"standard_error":0.0005614907773121208}}