{"mean":{"confidence_interval":{"confidence_level":0.95,"lower_bound":-0.16156287969505215,"upper_bound":-0.1533951413116559},"point_estimate":-0.1576708234508455,"standard_error":0.002148037630463161},"median":{"confidence_interval":{"confidence_level":0.95,"lower_bound":-0.16480606466055403,"upper_bound":-0.16225380297328218},"point_estimate":-0.16320375922614705,"standard_error":0.000714563400541734}}