{"mean":{"confidence_interval":{"confidence_level":0.95,"lower_bound":0.010757117158571505,"upper_bound":0.013228772660874103},"point_estimate":0.012017689461945924,"standard_error":0.0006271987313514859},"median":{"confidence_interval":{"confidence_level":0.95,"lower_bound":0.010538159462696761,"upper_bound":0.013788007958900316},"point_estimate":0.012184671023709903,"standard_error":0.0008121218184976659}}