{"mean":{"confidence_interval":{"confidence_level":0.95,"lower_bound":0.004387307283798325,"upper_bound":0.00857636490168795},"point_estimate":0.006486487144494735,"standard_error":0.0010586398871812118},"median":{"confidence_interval":{"confidence_level":0.95,"lower_bound":0.0044898208342667445,"upper_bound":0.008143442226691944},"point_estimate":0.006397898425608783,"standard_error":0.0009624452948096023}}