{"mean":{"confidence_interval":{"confidence_level":0.95,"lower_bound":0.02876504114463564,"upper_bound":0.03095985811974083},"point_estimate":0.02987571092530028,"standard_error":0.0005616790528899252},"median":{"confidence_interval":{"confidence_level":0.95,"lower_bound":0.028577878370929843,"upper_bound":0.03095326928680886},"point_estimate":0.029943256344667768,"standard_error":0.0006341179786926849}}