{"mean":{"confidence_interval":{"confidence_level":0.95,"lower_bound":0.026133797039806467,"upper_bound":0.039108073306675956},"point_estimate":0.03215845833646358,"standard_error":0.003376398368490015},"median":{"confidence_interval":{"confidence_level":0.95,"lower_bound":0.021400305694310395,"upper_bound":0.033418787577282894},"point_estimate":0.02735577811159784,"standard_error":0.0032392039347361574}}