{"mean":{"confidence_interval":{"confidence_level":0.95,"lower_bound":27512.684647496102,"upper_bound":27568.002222094787},"point_estimate":27540.028544342178,"standard_error":14.099281391167498},"median":{"confidence_interval":{"confidence_level":0.95,"lower_bound":27497.42803910182,"upper_bound":27563.757850241545},"point_estimate":27518.162471064814,"standard_error":17.816202790722343},"median_abs_dev":{"confidence_interval":{"confidence_level":0.95,"lower_bound":96.5143478167044,"upper_bound":170.97906826993483},"point_estimate":131.17209145136474,"standard_error":18.678618593362977},"slope":{"confidence_interval":{"confidence_level":0.95,"lower_bound":27536.0818452584,"upper_bound":27591.178849691372},"point_estimate":27562.978981577264,"standard_error":14.119286062090803},"std_dev":{"confidence_interval":{"confidence_level":0.95,"lower_bound":118.65741993966108,"upper_bound":162.4705153026354},"point_estimate":141.33634345669591,"standard_error":11.242357387514392}}