{"mean":{"confidence_interval":{"confidence_level":0.95,"lower_bound":0.15487199586384473,"upper_bound":0.15886845107568895},"point_estimate":0.15693176915667828,"standard_error":0.0010198552022233705},"median":{"confidence_interval":{"confidence_level":0.95,"lower_bound":0.15706461852334241,"upper_bound":0.16080509597362339},"point_estimate":0.1590161149782603,"standard_error":0.0009497783428548557}}