{"mean":{"confidence_interval":{"confidence_level":0.95,"lower_bound":-0.009205027273694743,"upper_bound":-0.006382507276893243},"point_estimate":-0.007743068526218089,"standard_error":0.0007191213510681009},"median":{"confidence_interval":{"confidence_level":0.95,"lower_bound":-0.008665954604625825,"upper_bound":-0.0036748472168349755},"point_estimate":-0.005971064568659368,"standard_error":0.0012988141908627493}}