{"mean":{"confidence_interval":{"confidence_level":0.95,"lower_bound":-0.0024534130910094628,"upper_bound":-0.0005050716374576551},"point_estimate":-0.001419351043128736,"standard_error":0.0004985233794939711},"median":{"confidence_interval":{"confidence_level":0.95,"lower_bound":-0.0010849302223153723,"upper_bound":0.00018954778362667568},"point_estimate":-0.00046392403585526765,"standard_error":0.00033085097160653486}}