{"mean":{"confidence_interval":{"confidence_level":0.95,"lower_bound":-0.025674469760594478,"upper_bound":-0.018235253059550118},"point_estimate":-0.02206498381232569,"standard_error":0.0018995131894244306},"median":{"confidence_interval":{"confidence_level":0.95,"lower_bound":-0.02911457841297133,"upper_bound":-0.020461284468526353},"point_estimate":-0.02489703698817669,"standard_error":0.002198500526381545}}