{"mean":{"confidence_interval":{"confidence_level":0.95,"lower_bound":0.014184435154810228,"upper_bound":0.016427335370143525},"point_estimate":0.015302076995826308,"standard_error":0.0005738652548888935},"median":{"confidence_interval":{"confidence_level":0.95,"lower_bound":0.01369179286985367,"upper_bound":0.015587578368963184},"point_estimate":0.014552575793263633,"standard_error":0.0004663815880281487}}