{"mean":{"confidence_interval":{"confidence_level":0.95,"lower_bound":0.015658360489033536,"upper_bound":0.01993120533257764},"point_estimate":0.01766061708918021,"standard_error":0.0010937280621787675},"median":{"confidence_interval":{"confidence_level":0.95,"lower_bound":0.014528399857870467,"upper_bound":0.019298777300133428},"point_estimate":0.016988085393017105,"standard_error":0.0012094785633906262}}