{"mean":{"confidence_interval":{"confidence_level":0.95,"lower_bound":-0.02473929610324268,"upper_bound":-0.023663061547951635},"point_estimate":-0.024214290722737397,"standard_error":0.0002748783647084097},"median":{"confidence_interval":{"confidence_level":0.95,"lower_bound":-0.02541080811924487,"upper_bound":-0.02443862010808029},"point_estimate":-0.024971260453911293,"standard_error":0.00026145903075090103}}