{"mean":{"confidence_interval":{"confidence_level":0.95,"lower_bound":136454.6753276648,"upper_bound":136778.84614944004},"point_estimate":136611.2320242863,"standard_error":82.36805845502933},"median":{"confidence_interval":{"confidence_level":0.95,"lower_bound":136383.60037878787,"upper_bound":136836.0741038603},"point_estimate":136605.24242424243,"standard_error":114.18415175804346},"median_abs_dev":{"confidence_interval":{"confidence_level":0.95,"lower_bound":661.0155286700452,"upper_bound":1069.668714049354},"point_estimate":915.1178130007781,"standard_error":104.76445340261112},"slope":{"confidence_interval":{"confidence_level":0.95,"lower_bound":136388.88272932052,"upper_bound":136867.8577496928},"point_estimate":136597.6548836264,"standard_error":122.63691158546149},"std_dev":{"confidence_interval":{"confidence_level":0.95,"lower_bound":651.1750983983028,"upper_bound":1051.2893165784337},"point_estimate":828.9904415794687,"standard_error":111.58585318075693}}