{"mean":{"confidence_interval":{"confidence_level":0.95,"lower_bound":-0.167170973690864,"upper_bound":-0.16243596288601198},"point_estimate":-0.164740801304204,"standard_error":0.0011954704768518496},"median":{"confidence_interval":{"confidence_level":0.95,"lower_bound":-0.16849966346902956,"upper_bound":-0.16515378635167555},"point_estimate":-0.16731684413567693,"standard_error":0.0009285879769880554}}