{"mean":{"confidence_interval":{"confidence_level":0.95,"lower_bound":0.011495250614207447,"upper_bound":0.01329740874096299},"point_estimate":0.012384146961589959,"standard_error":0.00046028171586277985},"median":{"confidence_interval":{"confidence_level":0.95,"lower_bound":0.011113744741209075,"upper_bound":0.013926936989786087},"point_estimate":0.012339190258831678,"standard_error":0.0007481127576337637}}