{"mean":{"confidence_interval":{"confidence_level":0.95,"lower_bound":0.006472552001001097,"upper_bound":0.00860673633195335},"point_estimate":0.007528518802632833,"standard_error":0.000542889123974486},"median":{"confidence_interval":{"confidence_level":0.95,"lower_bound":0.007072343319215912,"upper_bound":0.009283534698136364},"point_estimate":0.00854597273705271,"standard_error":0.0005215713195689326}}