{"mean":{"confidence_interval":{"confidence_level":0.95,"lower_bound":-0.005431941028084469,"upper_bound":-0.0033734683360891835},"point_estimate":-0.004378894944082057,"standard_error":0.0005243662137659379},"median":{"confidence_interval":{"confidence_level":0.95,"lower_bound":-0.006371619355903072,"upper_bound":-0.003625228123786517},"point_estimate":-0.005276119515898459,"standard_error":0.0007309562371014842}}