{"mean":{"confidence_interval":{"confidence_level":0.95,"lower_bound":-0.1617174499764486,"upper_bound":-0.15471414748603346},"point_estimate":-0.15818571724059027,"standard_error":0.0017960581526504458},"median":{"confidence_interval":{"confidence_level":0.95,"lower_bound":-0.16315596372426233,"upper_bound":-0.15283427152303486},"point_estimate":-0.15804300801583782,"standard_error":0.0027466532180305384}}