{"mean":{"confidence_interval":{"confidence_level":0.95,"lower_bound":-0.0018385587630894678,"upper_bound":-0.0008818320528364621},"point_estimate":-0.0013129678781693688,"standard_error":0.0002455248319236774},"median":{"confidence_interval":{"confidence_level":0.95,"lower_bound":-0.0010579191136017934,"upper_bound":-0.000629967090850742},"point_estimate":-0.0007576292165311083,"standard_error":0.00012395613691758745}}