{"mean":{"confidence_interval":{"confidence_level":0.95,"lower_bound":0.04895205014102747,"upper_bound":0.05075673969339439},"point_estimate":0.04985220025328707,"standard_error":0.00045865918420861927},"median":{"confidence_interval":{"confidence_level":0.95,"lower_bound":0.049568451451601714,"upper_bound":0.05168790716950536},"point_estimate":0.05107160876227956,"standard_error":0.0005026931320908844}}