{"mean":{"confidence_interval":{"confidence_level":0.95,"lower_bound":0.6184745766144373,"upper_bound":0.626107488341347},"point_estimate":0.6222791606829645,"standard_error":0.0019407112268722529},"median":{"confidence_interval":{"confidence_level":0.95,"lower_bound":0.6219831754017182,"upper_bound":0.6237493308879573},"point_estimate":0.6230446622767771,"standard_error":0.00039583824999553385}}