{"mean":{"confidence_interval":{"confidence_level":0.95,"lower_bound":0.0175283793179594,"upper_bound":0.022972756822086396},"point_estimate":0.020387703809159996,"standard_error":0.0013831039280506217},"median":{"confidence_interval":{"confidence_level":0.95,"lower_bound":0.017938953931652568,"upper_bound":0.02498858301592355},"point_estimate":0.022515788130811343,"standard_error":0.0017831703687844456}}