{"mean":{"confidence_interval":{"confidence_level":0.95,"lower_bound":-0.0001523899373642972,"upper_bound":0.0008411769182079695},"point_estimate":0.000329047934561677,"standard_error":0.00025683238796437083},"median":{"confidence_interval":{"confidence_level":0.95,"lower_bound":-0.00008159993648400299,"upper_bound":0.0004065708810354618},"point_estimate":0.00007345262138014341,"standard_error":0.00013561474098842103}}