{"mean":{"confidence_interval":{"confidence_level":0.95,"lower_bound":0.0020876412661504423,"upper_bound":0.004679766355088583},"point_estimate":0.003470205210031052,"standard_error":0.0006603290474269134},"median":{"confidence_interval":{"confidence_level":0.95,"lower_bound":0.0025217835403172906,"upper_bound":0.0035038278302024217},"point_estimate":0.0028873818598291745,"standard_error":0.00024444846246458526}}