{"mean":{"confidence_interval":{"confidence_level":0.95,"lower_bound":-0.016527112435338893,"upper_bound":-0.009893720133639245},"point_estimate":-0.013654676544045619,"standard_error":0.0017082965217388368},"median":{"confidence_interval":{"confidence_level":0.95,"lower_bound":-0.019376160515756524,"upper_bound":-0.014544820241130463},"point_estimate":-0.01731526487521129,"standard_error":0.0012967263041121675}}