{"mean":{"confidence_interval":{"confidence_level":0.95,"lower_bound":0.00034149311083180316,"upper_bound":0.006005712083196878},"point_estimate":0.003139957232247026,"standard_error":0.001443140833652971},"median":{"confidence_interval":{"confidence_level":0.95,"lower_bound":0.0034860271065950688,"upper_bound":0.005330535846911122},"point_estimate":0.004461906975617991,"standard_error":0.0004689930031271957}}