{"mean":{"confidence_interval":{"confidence_level":0.95,"lower_bound":-0.029051033774170003,"upper_bound":-0.021332865273597568},"point_estimate":-0.025095272012142344,"standard_error":0.0019630616177143093},"median":{"confidence_interval":{"confidence_level":0.95,"lower_bound":-0.03216577822811739,"upper_bound":-0.01999688314790371},"point_estimate":-0.02615166384694656,"standard_error":0.003147245313446294}}