{"mean":{"confidence_interval":{"confidence_level":0.95,"lower_bound":-0.05648663888376629,"upper_bound":-0.054216573866110035},"point_estimate":-0.055383421995122584,"standard_error":0.0005866161166349633},"median":{"confidence_interval":{"confidence_level":0.95,"lower_bound":-0.0575364071998512,"upper_bound":-0.05606824809556061},"point_estimate":-0.05696082005442682,"standard_error":0.0004073915732384221}}