{"mean":{"confidence_interval":{"confidence_level":0.95,"lower_bound":0.0011340375535808748,"upper_bound":0.0032713777578598606},"point_estimate":0.0022427286563848625,"standard_error":0.0005484417540947398},"median":{"confidence_interval":{"confidence_level":0.95,"lower_bound":0.001451754183899645,"upper_bound":0.0039053217693689746},"point_estimate":0.0030558460144383126,"standard_error":0.0006298475388173113}}