{"mean":{"confidence_interval":{"confidence_level":0.95,"lower_bound":0.0016166669740754816,"upper_bound":0.0038377411862218973},"point_estimate":0.002774722234481608,"standard_error":0.0005686889027062535},"median":{"confidence_interval":{"confidence_level":0.95,"lower_bound":0.0010382525289884814,"upper_bound":0.004329253244783702},"point_estimate":0.0028237827549504324,"standard_error":0.0008458419724599666}}