{"mean":{"confidence_interval":{"confidence_level":0.95,"lower_bound":0.19885764241497408,"upper_bound":0.21204910338525562},"point_estimate":0.20492294927108534,"standard_error":0.00339140012800111},"median":{"confidence_interval":{"confidence_level":0.95,"lower_bound":0.20026427122828183,"upper_bound":0.204691627084422},"point_estimate":0.20245115600500885,"standard_error":0.0011233302791839607}}