{"mean":{"confidence_interval":{"confidence_level":0.95,"lower_bound":0.023132137425871942,"upper_bound":0.02927655289634838},"point_estimate":0.026153882761687397,"standard_error":0.0015657522034341327},"median":{"confidence_interval":{"confidence_level":0.95,"lower_bound":0.026690525058139736,"upper_bound":0.031195251562345927},"point_estimate":0.029058814625720242,"standard_error":0.0011474018781315978}}