{"mean":{"confidence_interval":{"confidence_level":0.95,"lower_bound":0.1838151549198329,"upper_bound":0.19038094985165185},"point_estimate":0.18696935948421745,"standard_error":0.0016746215847015453},"median":{"confidence_interval":{"confidence_level":0.95,"lower_bound":0.18242731943003854,"upper_bound":0.19157480556284345},"point_estimate":0.18597526699609435,"standard_error":0.0022490222597683377}}