{"mean":{"confidence_interval":{"confidence_level":0.95,"lower_bound":-0.0008213305771887768,"upper_bound":0.004654268022011795},"point_estimate":0.001917962357433023,"standard_error":0.0013979713796835977},"median":{"confidence_interval":{"confidence_level":0.95,"lower_bound":-0.0009486785895888028,"upper_bound":0.0012991781334450447},"point_estimate":0.000042679006272638986,"standard_error":0.0005660168717354574}}