{"mean":{"confidence_interval":{"confidence_level":0.95,"lower_bound":-0.005274499191961951,"upper_bound":-0.003088266291336767},"point_estimate":-0.004231454510876365,"standard_error":0.0005598439653527778},"median":{"confidence_interval":{"confidence_level":0.95,"lower_bound":-0.0059286864966217045,"upper_bound":-0.003754457414819501},"point_estimate":-0.005266666729895508,"standard_error":0.0005380184922706881}}