{"mean":{"confidence_interval":{"confidence_level":0.95,"lower_bound":0.0003860562392111025,"upper_bound":0.004800867593445515},"point_estimate":0.0026500988456750196,"standard_error":0.0011239097795112125},"median":{"confidence_interval":{"confidence_level":0.95,"lower_bound":0.0009826932988832304,"upper_bound":0.004556282886836849},"point_estimate":0.00302961465175966,"standard_error":0.0008954758305640435}}