{"mean":{"confidence_interval":{"confidence_level":0.95,"lower_bound":-0.029808213146767314,"upper_bound":-0.010181326299677579},"point_estimate":-0.01762835220551051,"standard_error":0.005356185044507496},"median":{"confidence_interval":{"confidence_level":0.95,"lower_bound":-0.011429319893333942,"upper_bound":-0.008107773784021388},"point_estimate":-0.010011186178977005,"standard_error":0.0008775983077625951}}