{"mean":{"confidence_interval":{"confidence_level":0.95,"lower_bound":0.19014086603859034,"upper_bound":0.19431912685788197},"point_estimate":0.19234038107269869,"standard_error":0.0010674187909262029},"median":{"confidence_interval":{"confidence_level":0.95,"lower_bound":0.19175944195632286,"upper_bound":0.19483843351637037},"point_estimate":0.19327270311116473,"standard_error":0.0007421801649504884}}