{"mean":{"confidence_interval":{"confidence_level":0.95,"lower_bound":0.022028871242240733,"upper_bound":0.02518941297242779},"point_estimate":0.023625405806517064,"standard_error":0.0008066482287049819},"median":{"confidence_interval":{"confidence_level":0.95,"lower_bound":0.0225108301942194,"upper_bound":0.02497437925293222},"point_estimate":0.02378625946786639,"standard_error":0.0006710826190464316}}