{"mean":{"confidence_interval":{"confidence_level":0.95,"lower_bound":112615.13354029281,"upper_bound":113006.72262168524},"point_estimate":112800.64415219435,"standard_error":100.45827030837948},"median":{"confidence_interval":{"confidence_level":0.95,"lower_bound":112445.2656847881,"upper_bound":112693.9575617284},"point_estimate":112601.8115981241,"standard_error":60.39147577958461},"median_abs_dev":{"confidence_interval":{"confidence_level":0.95,"lower_bound":608.9430961521423,"upper_bound":921.7319329693247},"point_estimate":816.2138083096819,"standard_error":83.9830756458321},"slope":{"confidence_interval":{"confidence_level":0.95,"lower_bound":112763.80651913394,"upper_bound":113225.77625091212},"point_estimate":112971.6190131849,"standard_error":118.88665209810476},"std_dev":{"confidence_interval":{"confidence_level":0.95,"lower_bound":712.3845995140636,"upper_bound":1329.1289229625472},"point_estimate":1009.1638098615757,"standard_error":162.98231824623284}}