{"mean":{"confidence_interval":{"confidence_level":0.95,"lower_bound":135032.45409742446,"upper_bound":135457.2746300329},"point_estimate":135217.93651992152,"standard_error":109.0893989786471},"median":{"confidence_interval":{"confidence_level":0.95,"lower_bound":134878.91495535715,"upper_bound":135058.79264705884},"point_estimate":134959.57991143316,"standard_error":45.298769860203734},"median_abs_dev":{"confidence_interval":{"confidence_level":0.95,"lower_bound":317.1333068346962,"upper_bound":594.3475180855485},"point_estimate":417.35664712214896,"standard_error":72.50410925301361},"slope":{"confidence_interval":{"confidence_level":0.95,"lower_bound":135177.36879055487,"upper_bound":135923.20389595957},"point_estimate":135491.88338037534,"standard_error":194.28372232175326},"std_dev":{"confidence_interval":{"confidence_level":0.95,"lower_bound":487.4085599926199,"upper_bound":1660.6161027565752},"point_estimate":1096.6126772679518,"standard_error":318.79856866865003}}