{"mean":{"confidence_interval":{"confidence_level":0.95,"lower_bound":0.0009454389528433089,"upper_bound":0.004752692759049514},"point_estimate":0.002736552186457075,"standard_error":0.0009690811214779774},"median":{"confidence_interval":{"confidence_level":0.95,"lower_bound":0.0005603061442757827,"upper_bound":0.0034999229409442556},"point_estimate":0.0020458691516263006,"standard_error":0.0008659528532837015}}