{"mean":{"confidence_interval":{"confidence_level":0.95,"lower_bound":-0.0006724156137443676,"upper_bound":0.0019285884077704148},"point_estimate":0.0005852302448519087,"standard_error":0.0006615569396361291},"median":{"confidence_interval":{"confidence_level":0.95,"lower_bound":0.0009023287796802565,"upper_bound":0.002972962158018344},"point_estimate":0.0017009567530110736,"standard_error":0.0005078767132329972}}