{"mean":{"confidence_interval":{"confidence_level":0.95,"lower_bound":0.019693011898214704,"upper_bound":0.02823721818082652},"point_estimate":0.024126564875494694,"standard_error":0.002193652559911003},"median":{"confidence_interval":{"confidence_level":0.95,"lower_bound":0.027204875612975465,"upper_bound":0.030424953271432686},"point_estimate":0.028600288626180248,"standard_error":0.0008025340098477234}}