{"mean":{"confidence_interval":{"confidence_level":0.95,"lower_bound":0.2072808781065405,"upper_bound":0.2247289256737715},"point_estimate":0.21765411558792258,"standard_error":0.004553393057299819},"median":{"confidence_interval":{"confidence_level":0.95,"lower_bound":0.2180388564563167,"upper_bound":0.22478567838918168},"point_estimate":0.22256119911172223,"standard_error":0.001819626939891616}}