{"mean":{"confidence_interval":{"confidence_level":0.95,"lower_bound":0.7475984110222715,"upper_bound":0.7625099969258309},"point_estimate":0.7551939234569927,"standard_error":0.0038060280689391677},"median":{"confidence_interval":{"confidence_level":0.95,"lower_bound":0.756708194067508,"upper_bound":0.7695091110070686},"point_estimate":0.7662835600566602,"standard_error":0.003045292482306027}}