{"mean":{"confidence_interval":{"confidence_level":0.95,"lower_bound":-0.002663236163383295,"upper_bound":-0.0015141388014632137},"point_estimate":-0.002112296443895989,"standard_error":0.00029208468211966557},"median":{"confidence_interval":{"confidence_level":0.95,"lower_bound":-0.002560147050306827,"upper_bound":-0.0014061437870448446},"point_estimate":-0.0018845767364144006,"standard_error":0.00030094956775353126}}