{"mean":{"confidence_interval":{"confidence_level":0.95,"lower_bound":0.008829417932230384,"upper_bound":0.019496390903626818},"point_estimate":0.013911859569890384,"standard_error":0.0027395351935954526},"median":{"confidence_interval":{"confidence_level":0.95,"lower_bound":0.0049216546877544065,"upper_bound":0.017016767004404354},"point_estimate":0.008732225165715368,"standard_error":0.0032993794891381357}}