{"mean":{"confidence_interval":{"confidence_level":0.95,"lower_bound":-0.0028744440080377158,"upper_bound":-0.0007080348685227065},"point_estimate":-0.0017977316730829473,"standard_error":0.000552683351974443},"median":{"confidence_interval":{"confidence_level":0.95,"lower_bound":-0.0029240015897571414,"upper_bound":-0.000055248926164819245},"point_estimate":-0.0014202736650246184,"standard_error":0.0006987902383169159}}