{"mean":{"confidence_interval":{"confidence_level":0.95,"lower_bound":0.007408487500623918,"upper_bound":0.011189439857628556},"point_estimate":0.009286417192135188,"standard_error":0.0009666779030763973},"median":{"confidence_interval":{"confidence_level":0.95,"lower_bound":0.006795349044900867,"upper_bound":0.011880038698615092},"point_estimate":0.009891391364769797,"standard_error":0.0014338682711575413}}