{"mean":{"confidence_interval":{"confidence_level":0.95,"lower_bound":-0.0024449926122152824,"upper_bound":0.002084491565053609},"point_estimate":-0.00009410830784695179,"standard_error":0.0011588308291803412},"median":{"confidence_interval":{"confidence_level":0.95,"lower_bound":-0.004534673194367511,"upper_bound":0.0032964911651196527},"point_estimate":-0.0024129319917179926,"standard_error":0.0018043059707744061}}