{"mean":{"confidence_interval":{"confidence_level":0.95,"lower_bound":-0.16509238989269387,"upper_bound":-0.15961937903483953},"point_estimate":-0.1625062882889695,"standard_error":0.0013986560282140607},"median":{"confidence_interval":{"confidence_level":0.95,"lower_bound":-0.16724282258047918,"upper_bound":-0.16461088555284442},"point_estimate":-0.1661531732709085,"standard_error":0.0006475135658424939}}