{"mean":{"confidence_interval":{"confidence_level":0.95,"lower_bound":-0.014375639347740972,"upper_bound":-0.005697368237363418},"point_estimate":-0.01010288026800188,"standard_error":0.002214537290097565},"median":{"confidence_interval":{"confidence_level":0.95,"lower_bound":-0.013010676541135635,"upper_bound":-0.003003231578934895},"point_estimate":-0.006610190082876666,"standard_error":0.0026876638927039345}}