{"mean":{"confidence_interval":{"confidence_level":0.95,"lower_bound":-0.0014735533375085483,"upper_bound":0.0003470757166729893},"point_estimate":-0.0005266125026727186,"standard_error":0.0004654127369109896},"median":{"confidence_interval":{"confidence_level":0.95,"lower_bound":-0.0009708530283971673,"upper_bound":0.00037257447477778705},"point_estimate":-0.0006375529229815102,"standard_error":0.00034288277520933507}}