{"mean":{"confidence_interval":{"confidence_level":0.95,"lower_bound":0.041552192698374305,"upper_bound":0.054443201588182735},"point_estimate":0.04769131000469162,"standard_error":0.0032796361300387895},"median":{"confidence_interval":{"confidence_level":0.95,"lower_bound":0.039770833345752044,"upper_bound":0.049840588655645446},"point_estimate":0.04450177021398072,"standard_error":0.002430499508806003}}