{"mean":{"confidence_interval":{"confidence_level":0.95,"lower_bound":-0.018687734697061052,"upper_bound":-0.016668040539112295},"point_estimate":-0.01765228416218889,"standard_error":0.0005146112223220242},"median":{"confidence_interval":{"confidence_level":0.95,"lower_bound":-0.019110166526833283,"upper_bound":-0.017636359129480472},"point_estimate":-0.018451143089888156,"standard_error":0.000386388429444503}}