{"mean":{"confidence_interval":{"confidence_level":0.95,"lower_bound":0.021236319433501682,"upper_bound":0.03674456442169538},"point_estimate":0.027794284283676696,"standard_error":0.0038775155419336206},"median":{"confidence_interval":{"confidence_level":0.95,"lower_bound":0.021995218743589007,"upper_bound":0.027087480427091082},"point_estimate":0.023592262100313288,"standard_error":0.001440870941876123}}