{"mean":{"confidence_interval":{"confidence_level":0.95,"lower_bound":-0.005418931826885248,"upper_bound":-0.002699906775025629},"point_estimate":-0.004065398169725176,"standard_error":0.0006940208004250902},"median":{"confidence_interval":{"confidence_level":0.95,"lower_bound":-0.00487393220942911,"upper_bound":-0.0017345782189794878},"point_estimate":-0.003418526153205148,"standard_error":0.0007725272729128722}}