{"mean":{"confidence_interval":{"confidence_level":0.95,"lower_bound":0.1882873432468876,"upper_bound":0.20366087679455921},"point_estimate":0.19478163692269046,"standard_error":0.00399213655724185},"median":{"confidence_interval":{"confidence_level":0.95,"lower_bound":0.1864988887953014,"upper_bound":0.19194365556768456},"point_estimate":0.18975483283179195,"standard_error":0.001401446773625806}}