{"mean":{"confidence_interval":{"confidence_level":0.95,"lower_bound":-0.017330413908289245,"upper_bound":-0.011546762626072635},"point_estimate":-0.014385995756776015,"standard_error":0.0014783549004122687},"median":{"confidence_interval":{"confidence_level":0.95,"lower_bound":-0.018051043508369946,"upper_bound":-0.012533170475139688},"point_estimate":-0.015148887482431705,"standard_error":0.0014226728430278268}}