{"mean":{"confidence_interval":{"confidence_level":0.95,"lower_bound":0.02714755466322479,"upper_bound":0.029825255127357037},"point_estimate":0.028522991232619477,"standard_error":0.0006863458011673107},"median":{"confidence_interval":{"confidence_level":0.95,"lower_bound":0.026095749771304355,"upper_bound":0.02915658349938366},"point_estimate":0.027951119719979767,"standard_error":0.0007653325678337583}}