{"mean":{"confidence_interval":{"confidence_level":0.95,"lower_bound":-0.029444083430165323,"upper_bound":-0.025778281063467714},"point_estimate":-0.027606180664298985,"standard_error":0.0009365143012852339},"median":{"confidence_interval":{"confidence_level":0.95,"lower_bound":-0.030433585932363234,"upper_bound":-0.023061743716649152},"point_estimate":-0.024653979432986972,"standard_error":0.001653316323830499}}