{"mean":{"confidence_interval":{"confidence_level":0.95,"lower_bound":-0.19856351430807226,"upper_bound":-0.1921084706242301},"point_estimate":-0.19553442658656217,"standard_error":0.0016484939547614747},"median":{"confidence_interval":{"confidence_level":0.95,"lower_bound":-0.20158757682791073,"upper_bound":-0.1987636283071138},"point_estimate":-0.20014065167712636,"standard_error":0.0007181686252501171}}