{"mean":{"confidence_interval":{"confidence_level":0.95,"lower_bound":36444.964103386534,"upper_bound":36594.498786495096},"point_estimate":36514.19490317393,"standard_error":38.2467420518765},"median":{"confidence_interval":{"confidence_level":0.95,"lower_bound":36360.77912087912,"upper_bound":36400.45174752217},"point_estimate":36378.69848499933,"standard_error":9.5572719861668},"median_abs_dev":{"confidence_interval":{"confidence_level":0.95,"lower_bound":63.70545820116176,"upper_bound":114.76973446273698},"point_estimate":82.90342267552849,"standard_error":13.11409508781534},"slope":{"confidence_interval":{"confidence_level":0.95,"lower_bound":36474.95532926267,"upper_bound":36680.7574094662},"point_estimate":36571.888038356075,"standard_error":52.66879089493555},"std_dev":{"confidence_interval":{"confidence_level":0.95,"lower_bound":245.91901274276125,"upper_bound":502.19562856295795},"point_estimate":385.17710950762756,"standard_error":65.45010549708}}