{"mean":{"confidence_interval":{"confidence_level":0.95,"lower_bound":36608.366105973655,"upper_bound":36903.16873910906},"point_estimate":36731.05067998562,"standard_error":76.49912104263424},"median":{"confidence_interval":{"confidence_level":0.95,"lower_bound":36482.54063018242,"upper_bound":36676.29468599034},"point_estimate":36552.07356481481,"standard_error":52.46463222272669},"median_abs_dev":{"confidence_interval":{"confidence_level":0.95,"lower_bound":262.6968550662,"upper_bound":488.68441989135204},"point_estimate":351.34318905017034,"standard_error":58.333054344329575},"slope":{"confidence_interval":{"confidence_level":0.95,"lower_bound":36774.08040906672,"upper_bound":37236.55834061436},"point_estimate":36963.69684963521,"standard_error":121.16323780500745},"std_dev":{"confidence_interval":{"confidence_level":0.95,"lower_bound":326.55946560475434,"upper_bound":1212.235929384634},"point_estimate":767.165608102956,"standard_error":286.0975825771522}}