{"mean":{"confidence_interval":{"confidence_level":0.95,"lower_bound":-0.004494105529710863,"upper_bound":0.0000970252582260785},"point_estimate":-0.002128627799253824,"standard_error":0.0011685885063866175},"median":{"confidence_interval":{"confidence_level":0.95,"lower_bound":-0.005032657538353025,"upper_bound":0.0014153613904628326},"point_estimate":-0.0020759496823421486,"standard_error":0.0016477939572914653}}