{"mean":{"confidence_interval":{"confidence_level":0.95,"lower_bound":-0.004562185073103545,"upper_bound":-0.00021958483403690678},"point_estimate":-0.0023809045888844027,"standard_error":0.001100342124187263},"median":{"confidence_interval":{"confidence_level":0.95,"lower_bound":-0.005697510120547089,"upper_bound":0.0004494588913668274},"point_estimate":-0.0033015674933614125,"standard_error":0.0016672886818893881}}