{"mean":{"confidence_interval":{"confidence_level":0.95,"lower_bound":-0.00611147375068494,"upper_bound":0.0023198790790786897},"point_estimate":-0.002012153821990159,"standard_error":0.0021397092816892224},"median":{"confidence_interval":{"confidence_level":0.95,"lower_bound":-0.0060408545405834955,"upper_bound":0.00418500566951141},"point_estimate":-0.0018522904790815309,"standard_error":0.0027325506881796884}}