{"mean":{"confidence_interval":{"confidence_level":0.95,"lower_bound":0.21474718362049977,"upper_bound":0.222372188440354},"point_estimate":0.21873311579295485,"standard_error":0.0019507085194883542},"median":{"confidence_interval":{"confidence_level":0.95,"lower_bound":0.21811400274245618,"upper_bound":0.22539534829163022},"point_estimate":0.22314802110750098,"standard_error":0.0019337538260714648}}