{"mean":{"confidence_interval":{"confidence_level":0.95,"lower_bound":0.37498908613060744,"upper_bound":0.42930881192404985},"point_estimate":0.40142871576634276,"standard_error":0.013964164681027456},"median":{"confidence_interval":{"confidence_level":0.95,"lower_bound":0.35327636176730626,"upper_bound":0.4522716836075975},"point_estimate":0.4126507428909467,"standard_error":0.02568851976019569}}