{"mean":{"confidence_interval":{"confidence_level":0.95,"lower_bound":-0.09876908273223774,"upper_bound":-0.05573809283638207},"point_estimate":-0.07662655430180443,"standard_error":0.010912205024052083},"median":{"confidence_interval":{"confidence_level":0.95,"lower_bound":-0.12555529328536008,"upper_bound":-0.07531184764820631},"point_estimate":-0.09100318965300302,"standard_error":0.014040837563945726}}