{"mean":{"confidence_interval":{"confidence_level":0.95,"lower_bound":-0.05304781175466088,"upper_bound":0.013627888774071223},"point_estimate":-0.01839062718045148,"standard_error":0.01724978948577699},"median":{"confidence_interval":{"confidence_level":0.95,"lower_bound":-0.0953920760033522,"upper_bound":0.03762124509645015},"point_estimate":-0.040594295046021744,"standard_error":0.035600351479720724}}