{"mean":{"confidence_interval":{"confidence_level":0.95,"lower_bound":-0.23864216077520842,"upper_bound":-0.2004524503825501},"point_estimate":-0.2198721258155829,"standard_error":0.009616973486833387},"median":{"confidence_interval":{"confidence_level":0.95,"lower_bound":-0.2725744542627925,"upper_bound":-0.18222013494013056},"point_estimate":-0.2241354553941206,"standard_error":0.02250372153731208}}