{"mean":{"confidence_interval":{"confidence_level":0.95,"lower_bound":-0.036533694375874864,"upper_bound":-0.005664114638428564},"point_estimate":-0.021408155693537267,"standard_error":0.007878648295628184},"median":{"confidence_interval":{"confidence_level":0.95,"lower_bound":-0.04476305193765491,"upper_bound":-0.0036393156313304434},"point_estimate":-0.014781484844159754,"standard_error":0.011001531278687932}}