{"mean":{"confidence_interval":{"confidence_level":0.95,"lower_bound":-0.020367274575244745,"upper_bound":0.01433083430424625},"point_estimate":-0.0029071910085243235,"standard_error":0.008871472329522442},"median":{"confidence_interval":{"confidence_level":0.95,"lower_bound":-0.043652575598919,"upper_bound":-0.007852081382574143},"point_estimate":-0.02068281568098629,"standard_error":0.010720750099776934}}