{"mean":{"confidence_interval":{"confidence_level":0.95,"lower_bound":-0.06310143348715037,"upper_bound":-0.02298456273195228},"point_estimate":-0.043103409823546435,"standard_error":0.010243512045982886},"median":{"confidence_interval":{"confidence_level":0.95,"lower_bound":-0.047823677796571484,"upper_bound":0.0022546731671395648},"point_estimate":-0.03280560118461906,"standard_error":0.01460966419406366}}