{"mean":{"confidence_interval":{"confidence_level":0.95,"lower_bound":-0.0717723213483787,"upper_bound":-0.026430353686263165},"point_estimate":-0.04886245599053718,"standard_error":0.011545082587425025},"median":{"confidence_interval":{"confidence_level":0.95,"lower_bound":-0.05701730615643097,"upper_bound":0.002745585726908306},"point_estimate":-0.022072551922609818,"standard_error":0.015189480366161271}}