{"mean":{"confidence_interval":{"confidence_level":0.95,"lower_bound":-0.04607017229747293,"upper_bound":-0.005580755249464773},"point_estimate":-0.026404330189740643,"standard_error":0.010302670825672376},"median":{"confidence_interval":{"confidence_level":0.95,"lower_bound":-0.02337752622260858,"upper_bound":0.027382704303238838},"point_estimate":0.00035727482870551164,"standard_error":0.013690422999766659}}