{"mean":{"confidence_interval":{"confidence_level":0.95,"lower_bound":-0.15530402608138896,"upper_bound":-0.12551851153194604},"point_estimate":-0.14023907353637655,"standard_error":0.007604632277554545},"median":{"confidence_interval":{"confidence_level":0.95,"lower_bound":-0.16434569769108198,"upper_bound":-0.12284901462771358},"point_estimate":-0.13983987125901864,"standard_error":0.011052500403711054}}