{"mean":{"confidence_interval":{"confidence_level":0.95,"lower_bound":-0.037943163175367986,"upper_bound":0.008498118362282732},"point_estimate":-0.015249478472363132,"standard_error":0.011904370908853793},"median":{"confidence_interval":{"confidence_level":0.95,"lower_bound":-0.09711419834789614,"upper_bound":0.019603891915270566},"point_estimate":-0.05253314479941218,"standard_error":0.02813539847870385}}