{"mean":{"confidence_interval":{"confidence_level":0.95,"lower_bound":0.20505207556461857,"upper_bound":0.21051026256389802},"point_estimate":0.20797172993410196,"standard_error":0.0013934444510642157},"median":{"confidence_interval":{"confidence_level":0.95,"lower_bound":0.20844042843452337,"upper_bound":0.21212088342442947},"point_estimate":0.21044338308460464,"standard_error":0.000994844524762435}}