{"mean":{"confidence_interval":{"confidence_level":0.95,"lower_bound":0.0006137320032987783,"upper_bound":0.0034631995811577666},"point_estimate":0.001967159181198719,"standard_error":0.0007522305555691449},"median":{"confidence_interval":{"confidence_level":0.95,"lower_bound":-0.0010341415475669802,"upper_bound":0.002887958447846062},"point_estimate":0.00008285218441050901,"standard_error":0.0009817805615779883}}