{"mean":{"confidence_interval":{"confidence_level":0.95,"lower_bound":0.0009251561545428674,"upper_bound":0.004272797108353015},"point_estimate":0.002593988424414384,"standard_error":0.000849287321402154},"median":{"confidence_interval":{"confidence_level":0.95,"lower_bound":0.0007698505076045858,"upper_bound":0.00430766855201782},"point_estimate":0.0025237341162722693,"standard_error":0.0008844014775364775}}