{"mean":{"confidence_interval":{"confidence_level":0.95,"lower_bound":-0.004352092808424337,"upper_bound":0.0036409616452236396},"point_estimate":-0.00011676498273960334,"standard_error":0.002030344138431897},"median":{"confidence_interval":{"confidence_level":0.95,"lower_bound":-0.0017813870418482702,"upper_bound":0.0016946320000787995},"point_estimate":0.0002521957009846698,"standard_error":0.0009012157316173691}}