{"mean":{"confidence_interval":{"confidence_level":0.95,"lower_bound":0.00048001145595653633,"upper_bound":0.002317764890072471},"point_estimate":0.001411184354862538,"standard_error":0.00046861074441175603},"median":{"confidence_interval":{"confidence_level":0.95,"lower_bound":0.0006508703035366104,"upper_bound":0.002395702089758256},"point_estimate":0.0017048405606403527,"standard_error":0.000438769968691108}}