{"mean":{"confidence_interval":{"confidence_level":0.95,"lower_bound":-0.004141114379891747,"upper_bound":0.0011744779312092995},"point_estimate":-0.0014990634849830764,"standard_error":0.0013602902953958461},"median":{"confidence_interval":{"confidence_level":0.95,"lower_bound":-0.005979937928171641,"upper_bound":0.0006528224338047117},"point_estimate":-0.002661772538428697,"standard_error":0.001685917537408879}}