{"mean":{"confidence_interval":{"confidence_level":0.95,"lower_bound":0.0030832466722608364,"upper_bound":0.0049150392614475446},"point_estimate":0.0040755110541752515,"standard_error":0.0004683508226440429},"median":{"confidence_interval":{"confidence_level":0.95,"lower_bound":0.003149885741571934,"upper_bound":0.005783524277678698},"point_estimate":0.004332559129708313,"standard_error":0.0006825690114103804}}