{"mean":{"confidence_interval":{"confidence_level":0.95,"lower_bound":-0.009787306552156316,"upper_bound":-0.0022161707718975896},"point_estimate":-0.005054922921823968,"standard_error":0.0021172790316937706},"median":{"confidence_interval":{"confidence_level":0.95,"lower_bound":-0.0042019538889342956,"upper_bound":-0.0016986538831534892},"point_estimate":-0.002607020481705691,"standard_error":0.0006548734124107505}}