{"mean":{"confidence_interval":{"confidence_level":0.95,"lower_bound":0.03540340640895244,"upper_bound":0.04154328195526125},"point_estimate":0.0386647188247502,"standard_error":0.0015601786391417022},"median":{"confidence_interval":{"confidence_level":0.95,"lower_bound":0.03933472728282683,"upper_bound":0.0420839872826646},"point_estimate":0.040926215877262084,"standard_error":0.0007652308698212272}}