{"mean":{"confidence_interval":{"confidence_level":0.95,"lower_bound":0.0005318651269711098,"upper_bound":0.005459323081685041},"point_estimate":0.0031566222374692643,"standard_error":0.001265606949562088},"median":{"confidence_interval":{"confidence_level":0.95,"lower_bound":0.001374564292958791,"upper_bound":0.004525407878742841},"point_estimate":0.0028090460812244533,"standard_error":0.0008125585989584795}}