{"mean":{"confidence_interval":{"confidence_level":0.95,"lower_bound":0.003757026043191408,"upper_bound":0.006144106442234965},"point_estimate":0.004942920189141997,"standard_error":0.0006103144233720263},"median":{"confidence_interval":{"confidence_level":0.95,"lower_bound":0.004217374675522301,"upper_bound":0.006770190086702099},"point_estimate":0.005525129610459034,"standard_error":0.0006453658913814847}}