{"mean":{"confidence_interval":{"confidence_level":0.95,"lower_bound":-0.18412900627966683,"upper_bound":-0.18154114917941028},"point_estimate":-0.18282149495828426,"standard_error":0.0006659231749731949},"median":{"confidence_interval":{"confidence_level":0.95,"lower_bound":-0.18503518007076947,"upper_bound":-0.18348779763871148},"point_estimate":-0.18419918225318244,"standard_error":0.00038924671077072775}}