{"mean":{"confidence_interval":{"confidence_level":0.95,"lower_bound":-0.0013936975882228942,"upper_bound":0.003535127553426059},"point_estimate":0.0010608176898303512,"standard_error":0.001258619639265964},"median":{"confidence_interval":{"confidence_level":0.95,"lower_bound":-0.0015414278078383914,"upper_bound":0.002328635938665835},"point_estimate":0.00015687593216684448,"standard_error":0.0010378345873935987}}