{"mean":{"confidence_interval":{"confidence_level":0.95,"lower_bound":-0.006343208725112209,"upper_bound":-0.0047383078744675155},"point_estimate":-0.005549106709704099,"standard_error":0.0004168646495592679},"median":{"confidence_interval":{"confidence_level":0.95,"lower_bound":-0.007068022915211358,"upper_bound":-0.005082460594708986},"point_estimate":-0.006226553478571928,"standard_error":0.0005224600672807751}}