{"mean":{"confidence_interval":{"confidence_level":0.95,"lower_bound":-0.005402639681373719,"upper_bound":0.001965324650553695},"point_estimate":-0.0017681635902989656,"standard_error":0.0018659201280923302},"median":{"confidence_interval":{"confidence_level":0.95,"lower_bound":-0.0029900740423661754,"upper_bound":8.209939311269813e-6},"point_estimate":-0.001880770111881036,"standard_error":0.0008022799772632971}}