{"mean":{"confidence_interval":{"confidence_level":0.95,"lower_bound":-0.008064157219430301,"upper_bound":-0.005228148883601878},"point_estimate":-0.006608232140463577,"standard_error":0.000723432717616798},"median":{"confidence_interval":{"confidence_level":0.95,"lower_bound":-0.007237761338332094,"upper_bound":-0.0035256048975242926},"point_estimate":-0.004508083077446434,"standard_error":0.0009752271729164087}}