{"mean":{"confidence_interval":{"confidence_level":0.95,"lower_bound":0.003813946070852503,"upper_bound":0.007794105670847356},"point_estimate":0.005736972597952139,"standard_error":0.0010052890661435797},"median":{"confidence_interval":{"confidence_level":0.95,"lower_bound":0.00581998391966021,"upper_bound":0.007915874067593531},"point_estimate":0.007055135792057632,"standard_error":0.0005331975014250481}}