{"mean":{"confidence_interval":{"confidence_level":0.95,"lower_bound":0.18881276655426313,"upper_bound":0.19373505348899503},"point_estimate":0.19133116196859423,"standard_error":0.0012543981869041743},"median":{"confidence_interval":{"confidence_level":0.95,"lower_bound":0.1892610459033899,"upper_bound":0.19352893586056208},"point_estimate":0.1919583839835559,"standard_error":0.0011534783479907455}}