{"mean":{"confidence_interval":{"confidence_level":0.95,"lower_bound":13197577.891375,"upper_bound":13322167.363375},"point_estimate":13258734.085,"standard_error":31794.827925046975},"median":{"confidence_interval":{"confidence_level":0.95,"lower_bound":13202343.75,"upper_bound":13316281.25},"point_estimate":13247499.875,"standard_error":27984.868282456522},"median_abs_dev":{"confidence_interval":{"confidence_level":0.95,"lower_bound":186073.895021528,"upper_bound":364781.31138196215},"point_estimate":257887.51657158136,"standard_error":47094.451474939844},"slope":null,"std_dev":{"confidence_interval":{"confidence_level":0.95,"lower_bound":258257.0098461504,"upper_bound":374185.3626367318},"point_estimate":318287.6704916705,"standard_error":29612.545629711844}}