{"mean":{"confidence_interval":{"confidence_level":0.95,"lower_bound":13597521.6944375,"upper_bound":13667607.022875},"point_estimate":13632678.36,"standard_error":17867.31899625993},"median":{"confidence_interval":{"confidence_level":0.95,"lower_bound":13549098.875,"upper_bound":13727093.75},"point_estimate":13620317.625,"standard_error":48322.785618793736},"median_abs_dev":{"confidence_interval":{"confidence_level":0.95,"lower_bound":164807.85164907575,"upper_bound":255493.85891407728},"point_estimate":235262.29967325926,"standard_error":23521.557747209037},"slope":null,"std_dev":{"confidence_interval":{"confidence_level":0.95,"lower_bound":161965.17000761197,"upper_bound":195063.82165276704},"point_estimate":179537.91412384476,"standard_error":8425.989576315485}}