{"mean":{"confidence_interval":{"confidence_level":0.95,"lower_bound":15718982.317000002,"upper_bound":15903284.151875},"point_estimate":15808844.0725,"standard_error":47067.80165450069},"median":{"confidence_interval":{"confidence_level":0.95,"lower_bound":15644749.875,"upper_bound":15860083.25},"point_estimate":15749843.75,"standard_error":56758.50904844476},"median_abs_dev":{"confidence_interval":{"confidence_level":0.95,"lower_bound":356781.3826158643,"upper_bound":556453.6845959723},"point_estimate":451026.9270926714,"standard_error":50609.114524826495},"slope":null,"std_dev":{"confidence_interval":{"confidence_level":0.95,"lower_bound":383447.9173277962,"upper_bound":569597.1223601844},"point_estimate":473926.43244067655,"standard_error":48248.721476756844}}