{"mean":{"confidence_interval":{"confidence_level":0.95,"lower_bound":11376.175656106927,"upper_bound":11453.501610117815},"point_estimate":11410.987507486783,"standard_error":19.78605755531081},"median":{"confidence_interval":{"confidence_level":0.95,"lower_bound":11341.258901037287,"upper_bound":11374.467432950192},"point_estimate":11354.83453065134,"standard_error":7.506661912392587},"median_abs_dev":{"confidence_interval":{"confidence_level":0.95,"lower_bound":49.405314712327794,"upper_bound":78.99650989296399},"point_estimate":65.2576435410286,"standard_error":7.407171664935766},"slope":{"confidence_interval":{"confidence_level":0.95,"lower_bound":11342.590677799148,"upper_bound":11444.329303136203},"point_estimate":11386.238882813654,"standard_error":26.44777967147392},"std_dev":{"confidence_interval":{"confidence_level":0.95,"lower_bound":108.08871460915874,"upper_bound":279.7303048361972},"point_estimate":198.83809594245946,"standard_error":44.66382942143438}}