{"mean":{"confidence_interval":{"confidence_level":0.95,"lower_bound":13141436.2745,"upper_bound":13152236.9178125},"point_estimate":13146866.4925,"standard_error":2755.042263884427},"median":{"confidence_interval":{"confidence_level":0.95,"lower_bound":13140385.25,"upper_bound":13156739.5},"point_estimate":13151776.0,"standard_error":4281.59066318413},"median_abs_dev":{"confidence_interval":{"confidence_level":0.95,"lower_bound":21968.79575997591,"upper_bound":32895.18691599369},"point_estimate":28223.329073935747,"standard_error":2765.040272339907},"slope":null,"std_dev":{"confidence_interval":{"confidence_level":0.95,"lower_bound":23659.58984980842,"upper_bound":31321.868147607445},"point_estimate":27677.09978900196,"standard_error":1955.1617050455247}}