{"mean":{"confidence_interval":{"confidence_level":0.95,"lower_bound":13386569.015125,"upper_bound":13432582.126125},"point_estimate":13407157.42,"standard_error":11843.85092549772},"median":{"confidence_interval":{"confidence_level":0.95,"lower_bound":13365000.0,"upper_bound":13409927.0},"point_estimate":13384770.75,"standard_error":10943.6831828202},"median_abs_dev":{"confidence_interval":{"confidence_level":0.95,"lower_bound":51613.011583685875,"upper_bound":80894.18037196621},"point_estimate":64454.36593070626,"standard_error":7419.216435419074},"slope":null,"std_dev":{"confidence_interval":{"confidence_level":0.95,"lower_bound":59464.647426217016,"upper_bound":172854.1598319635},"point_estimate":119303.20555436818,"standard_error":30441.286344276403}}