{"mean":{"confidence_interval":{"confidence_level":0.95,"lower_bound":13503902.5086875,"upper_bound":13539411.0071875},"point_estimate":13521138.57,"standard_error":9072.612365505864},"median":{"confidence_interval":{"confidence_level":0.95,"lower_bound":13467677.0,"upper_bound":13520932.125},"point_estimate":13486916.625,"standard_error":15536.177797058073},"median_abs_dev":{"confidence_interval":{"confidence_level":0.95,"lower_bound":43404.59682941437,"upper_bound":98392.7565194293},"point_estimate":67234.42620635033,"standard_error":14126.590530540214},"slope":null,"std_dev":{"confidence_interval":{"confidence_level":0.95,"lower_bound":75590.67538520727,"upper_bound":105097.28408891604},"point_estimate":91268.36592300287,"standard_error":7535.859050805563}}