{"mean":{"confidence_interval":{"confidence_level":0.95,"lower_bound":11344962.761400009,"upper_bound":11383219.434900008},"point_estimate":11363562.522000013,"standard_error":9755.152930108747},"median":{"confidence_interval":{"confidence_level":0.95,"lower_bound":11328183.2,"upper_bound":11364766.6},"point_estimate":11347362.5,"standard_error":8548.658173893427},"median_abs_dev":{"confidence_interval":{"confidence_level":0.95,"lower_bound":61237.598419816415,"upper_bound":110515.52245795754},"point_estimate":91068.70338320732,"standard_error":13259.727410148957},"slope":null,"std_dev":{"confidence_interval":{"confidence_level":0.95,"lower_bound":77838.33233987702,"upper_bound":118800.23416186083},"point_estimate":98197.93776730669,"standard_error":10554.337588456032}}