{"mean":{"confidence_interval":{"confidence_level":0.95,"lower_bound":94041816.3095,"upper_bound":94156289.8695},"point_estimate":94097695.48,"standard_error":29146.925965355553},"median":{"confidence_interval":{"confidence_level":0.95,"lower_bound":94052562.0,"upper_bound":94144000.0},"point_estimate":94098875.0,"standard_error":23986.427718034938},"median_abs_dev":{"confidence_interval":{"confidence_level":0.95,"lower_bound":163207.51470498755,"upper_bound":318604.0626436472},"point_estimate":218127.5211274624,"standard_error":39810.14792610086},"slope":null,"std_dev":{"confidence_interval":{"confidence_level":0.95,"lower_bound":232096.1378085415,"upper_bound":352022.7091923357},"point_estimate":293351.61957222264,"standard_error":30779.582495713716}}