{"mean":{"confidence_interval":{"confidence_level":0.95,"lower_bound":23328493.83458334,"upper_bound":23892191.57424999},"point_estimate":23609691.410000004,"standard_error":143674.86162704293},"median":{"confidence_interval":{"confidence_level":0.95,"lower_bound":22766867.833333336,"upper_bound":24111472.0},"point_estimate":23407930.333333332,"standard_error":365122.6020054804},"median_abs_dev":{"confidence_interval":{"confidence_level":0.95,"lower_bound":1085572.0557272471,"upper_bound":2467602.578291299},"point_estimate":1987332.355117796,"standard_error":410622.8770389662},"slope":null,"std_dev":{"confidence_interval":{"confidence_level":0.95,"lower_bound":1344381.4745605446,"upper_bound":1517614.237786453},"point_estimate":1444026.1077956897,"standard_error":44143.50865061354}}