{"mean":{"confidence_interval":{"confidence_level":0.95,"lower_bound":22820244.42808333,"upper_bound":23226351.01699999},"point_estimate":23021023.07999999,"standard_error":103478.02419613287},"median":{"confidence_interval":{"confidence_level":0.95,"lower_bound":22073000.0,"upper_bound":22784798.5},"point_estimate":22769270.833333332,"standard_error":155302.20050234723},"median_abs_dev":{"confidence_interval":{"confidence_level":0.95,"lower_bound":118247.97320067791,"upper_bound":1159867.6361182358},"point_estimate":1129679.4049441796,"standard_error":213613.05765836852},"slope":null,"std_dev":{"confidence_interval":{"confidence_level":0.95,"lower_bound":960110.6843785534,"upper_bound":1088080.0510168285},"point_estimate":1037739.1546865276,"standard_error":32562.079635290607}}