{"mean":{"confidence_interval":{"confidence_level":0.95,"lower_bound":-0.01626722795300067,"upper_bound":0.020206789089979877},"point_estimate":0.0015086810004478757,"standard_error":0.009314397910472207},"median":{"confidence_interval":{"confidence_level":0.95,"lower_bound":-0.01819847749048442,"upper_bound":0.06957007935698689},"point_estimate":0.031657889881163914,"standard_error":0.02469770077791192}}