{"mean":{"confidence_interval":{"confidence_level":0.95,"lower_bound":0.020436417086611435,"upper_bound":0.0499486663947651},"point_estimate":0.035891597270081954,"standard_error":0.0075119582644263905},"median":{"confidence_interval":{"confidence_level":0.95,"lower_bound":0.0035788771813476394,"upper_bound":0.09792000402219814},"point_estimate":0.04371862506761626,"standard_error":0.028005951575820105}}