{"mean":{"confidence_interval":{"confidence_level":0.95,"lower_bound":0.18190614426808518,"upper_bound":0.20493712037751696},"point_estimate":0.1934509904260755,"standard_error":0.005878076472367627},"median":{"confidence_interval":{"confidence_level":0.95,"lower_bound":0.190716291889868,"upper_bound":0.21410504997087645},"point_estimate":0.20247891585216515,"standard_error":0.005911315021111284}}