{"mean":{"confidence_interval":{"confidence_level":0.95,"lower_bound":-0.04608688670359917,"upper_bound":-0.017406974286292853},"point_estimate":-0.03187539759486202,"standard_error":0.007335505304531546},"median":{"confidence_interval":{"confidence_level":0.95,"lower_bound":-0.008091736480193483,"upper_bound":0.007502368454772933},"point_estimate":-0.0013306822908888405,"standard_error":0.0045066061787671675}}