{"mean":{"confidence_interval":{"confidence_level":0.95,"lower_bound":-0.049890244735511374,"upper_bound":-0.019040462914372662},"point_estimate":-0.034325534484046405,"standard_error":0.00783320888612452},"median":{"confidence_interval":{"confidence_level":0.95,"lower_bound":-0.10423348262367471,"upper_bound":-0.025733280088158894},"point_estimate":-0.06162918193221667,"standard_error":0.024964708161896564}}