{"mean":{"confidence_interval":{"confidence_level":0.95,"lower_bound":-0.0555960404366734,"upper_bound":-0.0330831095707379},"point_estimate":-0.04439490459287221,"standard_error":0.005716133725237451},"median":{"confidence_interval":{"confidence_level":0.95,"lower_bound":-0.06637201197297227,"upper_bound":-0.03571822536887941},"point_estimate":-0.04968915811780783,"standard_error":0.007408699555506672}}