{"mean":{"confidence_interval":{"confidence_level":0.95,"lower_bound":-0.010005725073820804,"upper_bound":0.021279397278244447},"point_estimate":0.005239168147688877,"standard_error":0.007984687703211537},"median":{"confidence_interval":{"confidence_level":0.95,"lower_bound":0.00728679637566465,"upper_bound":0.04035597079356446},"point_estimate":0.024196651506007028,"standard_error":0.008615411415577682}}