{"mean":{"confidence_interval":{"confidence_level":0.95,"lower_bound":-0.040322941965070046,"upper_bound":0.006555566563319966},"point_estimate":-0.01707181915001943,"standard_error":0.012044726598110452},"median":{"confidence_interval":{"confidence_level":0.95,"lower_bound":-0.024331685622648307,"upper_bound":0.00856982664249517},"point_estimate":-0.008610545546441362,"standard_error":0.008381508341823381}}