{"mean":{"confidence_interval":{"confidence_level":0.95,"lower_bound":-0.009462418250772733,"upper_bound":0.017165874675449985},"point_estimate":0.003918682956020714,"standard_error":0.006893096000588119},"median":{"confidence_interval":{"confidence_level":0.95,"lower_bound":-0.014946890487338549,"upper_bound":0.014862930902562077},"point_estimate":-0.002415044892147944,"standard_error":0.0074717391780407556}}