{"mean":{"confidence_interval":{"confidence_level":0.95,"lower_bound":0.15571208146151377,"upper_bound":0.1785835448744857},"point_estimate":0.16667602602986786,"standard_error":0.005808074097822495},"median":{"confidence_interval":{"confidence_level":0.95,"lower_bound":0.1564023589930894,"upper_bound":0.17817493434292775},"point_estimate":0.16852888496018226,"standard_error":0.005427107811481279}}