{"mean":{"confidence_interval":{"confidence_level":0.95,"lower_bound":-0.02195662430788313,"upper_bound":0.024333427573011043},"point_estimate":0.0006655911258088842,"standard_error":0.011808898225174171},"median":{"confidence_interval":{"confidence_level":0.95,"lower_bound":-0.020855198939471853,"upper_bound":0.007922456438189673},"point_estimate":-0.007286035043841732,"standard_error":0.00728593996885382}}