{"mean":{"confidence_interval":{"confidence_level":0.95,"lower_bound":-0.18035807535686477,"upper_bound":-0.1473431821657879},"point_estimate":-0.16396861250758776,"standard_error":0.00841156557729426},"median":{"confidence_interval":{"confidence_level":0.95,"lower_bound":-0.21737696608499057,"upper_bound":-0.13668403355329672},"point_estimate":-0.14773624126974627,"standard_error":0.023872112410987516}}