{"mean":{"confidence_interval":{"confidence_level":0.95,"lower_bound":-0.0002595194560121826,"upper_bound":0.021658977624310086},"point_estimate":0.010482478102280535,"standard_error":0.005612152047656635},"median":{"confidence_interval":{"confidence_level":0.95,"lower_bound":-0.00996270468628424,"upper_bound":0.018111149400957594},"point_estimate":0.0012431222032884826,"standard_error":0.007110860434677384}}