{"mean":{"confidence_interval":{"confidence_level":0.95,"lower_bound":0.13262541671254793,"upper_bound":0.17968709956582546},"point_estimate":0.15598216662279385,"standard_error":0.011999931647106764},"median":{"confidence_interval":{"confidence_level":0.95,"lower_bound":0.1399196989148721,"upper_bound":0.21621207974239276},"point_estimate":0.15414971598268234,"standard_error":0.014575936202275517}}