{"mean":{"confidence_interval":{"confidence_level":0.95,"lower_bound":-0.18474976892234626,"upper_bound":-0.14661708395941225},"point_estimate":-0.16729290380169437,"standard_error":0.010137907676021532},"median":{"confidence_interval":{"confidence_level":0.95,"lower_bound":-0.193028559200787,"upper_bound":-0.17441327634498502},"point_estimate":-0.18471815781771783,"standard_error":0.00474348690378904}}