{"mean":{"confidence_interval":{"confidence_level":0.95,"lower_bound":0.002876491040560185,"upper_bound":0.04466012893980369},"point_estimate":0.02425748951397555,"standard_error":0.010694476592644254},"median":{"confidence_interval":{"confidence_level":0.95,"lower_bound":0.014960627525675951,"upper_bound":0.036711835773655555},"point_estimate":0.029256887092071082,"standard_error":0.006389638608321059}}