{"mean":{"confidence_interval":{"confidence_level":0.95,"lower_bound":0.027092138119193754,"upper_bound":0.05095645953285633},"point_estimate":0.03862901057628565,"standard_error":0.0060767121696647846},"median":{"confidence_interval":{"confidence_level":0.95,"lower_bound":0.01754805243143598,"upper_bound":0.053990236376808554},"point_estimate":0.03635532493079574,"standard_error":0.009424949879000779}}