{"mean":{"confidence_interval":{"confidence_level":0.95,"lower_bound":0.08006926616458267,"upper_bound":0.1043205160153249},"point_estimate":0.09215427631360673,"standard_error":0.006202677645954647},"median":{"confidence_interval":{"confidence_level":0.95,"lower_bound":0.07603047501792437,"upper_bound":0.09893593975408521},"point_estimate":0.08529146361700657,"standard_error":0.005795980741336193}}