{"mean":{"confidence_interval":{"confidence_level":0.95,"lower_bound":-0.04860617179178589,"upper_bound":0.003987230939046995},"point_estimate":-0.01871867853972009,"standard_error":0.013540890422736724},"median":{"confidence_interval":{"confidence_level":0.95,"lower_bound":-0.04918170723661808,"upper_bound":0.01888015709992419},"point_estimate":-0.037957416400155264,"standard_error":0.0174091236283552}}