{"mean":{"confidence_interval":{"confidence_level":0.95,"lower_bound":0.009871940648104417,"upper_bound":0.036690603810778946},"point_estimate":0.023256418443560634,"standard_error":0.00685483389863367},"median":{"confidence_interval":{"confidence_level":0.95,"lower_bound":0.019757948295582972,"upper_bound":0.06025384403524514},"point_estimate":0.04985567481423381,"standard_error":0.009619160881531762}}