{"mean":{"confidence_interval":{"confidence_level":0.95,"lower_bound":-0.009812534876582048,"upper_bound":0.028443265104920575},"point_estimate":0.009301887308819756,"standard_error":0.009586227020674385},"median":{"confidence_interval":{"confidence_level":0.95,"lower_bound":-0.05053950958967157,"upper_bound":0.0359500874981209},"point_estimate":-0.013397632452123776,"standard_error":0.024098531647097316}}