{"mean":{"confidence_interval":{"confidence_level":0.95,"lower_bound":-0.03608602976570493,"upper_bound":0.013498117315794143},"point_estimate":-0.011875264590731627,"standard_error":0.01254658196583939},"median":{"confidence_interval":{"confidence_level":0.95,"lower_bound":-0.027562424663775453,"upper_bound":0.0036286099396769522},"point_estimate":-0.009981454839275483,"standard_error":0.007987604128892848}}