{"mean":{"confidence_interval":{"confidence_level":0.95,"lower_bound":0.010889032390535548,"upper_bound":0.040542508266022945},"point_estimate":0.025927587685219855,"standard_error":0.007580329303131948},"median":{"confidence_interval":{"confidence_level":0.95,"lower_bound":0.0002763900315396687,"upper_bound":0.06342245540163027},"point_estimate":0.03371626120567339,"standard_error":0.016462562943672217}}