{"mean":{"confidence_interval":{"confidence_level":0.95,"lower_bound":-0.07403260366552288,"upper_bound":-0.058533818917088844},"point_estimate":-0.06638720924678088,"standard_error":0.003952542081385821},"median":{"confidence_interval":{"confidence_level":0.95,"lower_bound":-0.07801632059388422,"upper_bound":-0.05790895157993902},"point_estimate":-0.07059588253956872,"standard_error":0.005498518057721814}}