{"mean":{"confidence_interval":{"confidence_level":0.95,"lower_bound":0.2224986198349778,"upper_bound":0.2530460928957026},"point_estimate":0.23786871880141924,"standard_error":0.008078147505436133},"median":{"confidence_interval":{"confidence_level":0.95,"lower_bound":0.19107577765185724,"upper_bound":0.19986600979788216},"point_estimate":0.1980999361109954,"standard_error":0.0020997337405826485}}