{"mean":{"confidence_interval":{"confidence_level":0.95,"lower_bound":-0.6958485256076405,"upper_bound":-0.6897341796984929},"point_estimate":-0.6928588579318505,"standard_error":0.0015540506903621775},"median":{"confidence_interval":{"confidence_level":0.95,"lower_bound":-0.7046160721704618,"upper_bound":-0.6919802253719978},"point_estimate":-0.6969335201012041,"standard_error":0.003174945269892967}}