{"mean":{"confidence_interval":{"confidence_level":0.95,"lower_bound":-0.012733578265145462,"upper_bound":0.018149646496989837},"point_estimate":0.0031987769754693307,"standard_error":0.007933962813508218},"median":{"confidence_interval":{"confidence_level":0.95,"lower_bound":-0.012345420115682848,"upper_bound":-0.0056290189417853576},"point_estimate":-0.011811915184317012,"standard_error":0.001306932568541618}}