{"mean":{"confidence_interval":{"confidence_level":0.95,"lower_bound":-0.034195501316250786,"upper_bound":-0.010737287471257937},"point_estimate":-0.022687861070218363,"standard_error":0.006010015915245817},"median":{"confidence_interval":{"confidence_level":0.95,"lower_bound":-0.026634908831356163,"upper_bound":0.004946670199984558},"point_estimate":-0.02022737882288339,"standard_error":0.007356353159197618}}