{"mean":{"confidence_interval":{"confidence_level":0.95,"lower_bound":81131.38262676146,"upper_bound":82430.0762557327},"point_estimate":81770.61128367964,"standard_error":330.26126673318174},"median":{"confidence_interval":{"confidence_level":0.95,"lower_bound":79609.08304195805,"upper_bound":81077.72968942822},"point_estimate":79938.45741236612,"standard_error":522.4970177786219},"median_abs_dev":{"confidence_interval":{"confidence_level":0.95,"lower_bound":1434.0021932093296,"upper_bound":3833.9172835913982},"point_estimate":2026.9366391757292,"standard_error":725.2334193316896},"slope":{"confidence_interval":{"confidence_level":0.95,"lower_bound":81129.52727532286,"upper_bound":82575.87772389525},"point_estimate":81836.38309101864,"standard_error":369.31565434665805},"std_dev":{"confidence_interval":{"confidence_level":0.95,"lower_bound":3024.5147796848005,"upper_bound":3538.030645603457},"point_estimate":3323.162334069748,"standard_error":130.82086655525848}}