{"mean":{"confidence_interval":{"confidence_level":0.95,"lower_bound":184.69078196644386,"upper_bound":184.91146872211675},"point_estimate":184.8034563369543,"standard_error":0.05638501578349721},"median":{"confidence_interval":{"confidence_level":0.95,"lower_bound":184.75773295469753,"upper_bound":184.9290871462445},"point_estimate":184.865275435638,"standard_error":0.039693368534843565},"median_abs_dev":{"confidence_interval":{"confidence_level":0.95,"lower_bound":0.29424926548576763,"upper_bound":0.5733778021357095},"point_estimate":0.40734519943629366,"standard_error":0.07234556353665643},"slope":{"confidence_interval":{"confidence_level":0.95,"lower_bound":184.71734884133951,"upper_bound":184.94272750865977},"point_estimate":184.8343565643972,"standard_error":0.057564508146044004},"std_dev":{"confidence_interval":{"confidence_level":0.95,"lower_bound":0.4645125848599696,"upper_bound":0.6548979771595951},"point_estimate":0.5657576659708546,"standard_error":0.04870672665173284}}