{"mean":{"confidence_interval":{"confidence_level":0.95,"lower_bound":173.39244791946396,"upper_bound":173.63726289430244},"point_estimate":173.50918142404745,"standard_error":0.06261304094895245},"median":{"confidence_interval":{"confidence_level":0.95,"lower_bound":173.17936969319783,"upper_bound":173.33810127439966},"point_estimate":173.2325379981329,"standard_error":0.0423115966337572},"median_abs_dev":{"confidence_interval":{"confidence_level":0.95,"lower_bound":0.1824834087133791,"upper_bound":0.4321707110617164},"point_estimate":0.26631914795757217,"standard_error":0.06400956901877707},"slope":{"confidence_interval":{"confidence_level":0.95,"lower_bound":173.54613892528732,"upper_bound":173.87395970325028},"point_estimate":173.70800603964767,"standard_error":0.08326257694010165},"std_dev":{"confidence_interval":{"confidence_level":0.95,"lower_bound":0.47045603871188,"upper_bound":0.7680880145511113},"point_estimate":0.6297666667256229,"standard_error":0.07604097476164538}}