{"mean":{"confidence_interval":{"confidence_level":0.95,"lower_bound":-0.012628984466129728,"upper_bound":-0.005097251917100009},"point_estimate":-0.009009652296387505,"standard_error":0.0019246249463076525},"median":{"confidence_interval":{"confidence_level":0.95,"lower_bound":-0.010568359448068332,"upper_bound":-0.0023899604929157325},"point_estimate":-0.005864142894452917,"standard_error":0.002110536614516004}}