{"mean":{"confidence_interval":{"confidence_level":0.95,"lower_bound":10633500.007900013,"upper_bound":10674251.794350011},"point_estimate":10653319.512000013,"standard_error":10426.918721661215},"median":{"confidence_interval":{"confidence_level":0.95,"lower_bound":10594279.1,"upper_bound":10620187.399999999},"point_estimate":10612804.1,"standard_error":6375.48822526579},"median_abs_dev":{"confidence_interval":{"confidence_level":0.95,"lower_bound":34099.799394607544,"upper_bound":67365.9439435153},"point_estimate":45182.234197854996,"standard_error":8890.730849643533},"slope":null,"std_dev":{"confidence_interval":{"confidence_level":0.95,"lower_bound":90315.13049677767,"upper_bound":115282.2598191222},"point_estimate":104922.8007936391,"standard_error":6384.872936652793}}