{"mean":{"confidence_interval":{"confidence_level":0.95,"lower_bound":10430994.16545001,"upper_bound":10490949.844050009},"point_estimate":10459115.094000012,"standard_error":15318.007288302091},"median":{"confidence_interval":{"confidence_level":0.95,"lower_bound":10374945.7,"upper_bound":10432716.6},"point_estimate":10387666.6,"standard_error":14836.031426736457},"median_abs_dev":{"confidence_interval":{"confidence_level":0.95,"lower_bound":19978.182905317182,"upper_bound":100186.84148133022},"point_estimate":38158.41682255268,"standard_error":20670.78187893813},"slope":null,"std_dev":{"confidence_interval":{"confidence_level":0.95,"lower_bound":105293.52159167874,"upper_bound":193423.1060810182},"point_estimate":153791.12157529988,"standard_error":22573.8137098945}}