{"mean":{"confidence_interval":{"confidence_level":0.95,"lower_bound":8796624.873125,"upper_bound":8858237.792874996},"point_estimate":8826350.084999997,"standard_error":15736.689636188787},"median":{"confidence_interval":{"confidence_level":0.95,"lower_bound":8772798.5,"upper_bound":8828854.166666666},"point_estimate":8792114.583333334,"standard_error":14050.487027866548},"median_abs_dev":{"confidence_interval":{"confidence_level":0.95,"lower_bound":101563.28729689121,"upper_bound":166375.51579624414},"point_estimate":138324.4771942478,"standard_error":16698.716211505936},"slope":null,"std_dev":{"confidence_interval":{"confidence_level":0.95,"lower_bound":121665.35508053954,"upper_bound":198728.72534636463},"point_estimate":158360.04214817387,"standard_error":20339.19466622979}}