{"mean":{"confidence_interval":{"confidence_level":0.95,"lower_bound":10568459.84980001,"upper_bound":10591933.623850008},"point_estimate":10579630.10600001,"standard_error":5987.878156786231},"median":{"confidence_interval":{"confidence_level":0.95,"lower_bound":10550270.8,"upper_bound":10557100.0},"point_estimate":10554020.8,"standard_error":1844.3185795850336},"median_abs_dev":{"confidence_interval":{"confidence_level":0.95,"lower_bound":11070.129223466196,"upper_bound":22251.30518496012},"point_estimate":14881.597235798836,"standard_error":2897.3378878102017},"slope":null,"std_dev":{"confidence_interval":{"confidence_level":0.95,"lower_bound":46050.42727353998,"upper_bound":74076.35654657368},"point_estimate":60116.4755667701,"standard_error":7238.302987273654}}