{"mean":{"confidence_interval":{"confidence_level":0.95,"lower_bound":292160.7413209526,"upper_bound":292970.6351817881},"point_estimate":292518.15164551494,"standard_error":207.892210733398},"median":{"confidence_interval":{"confidence_level":0.95,"lower_bound":291888.2073170732,"upper_bound":292030.7441704277},"point_estimate":291963.8035714286,"standard_error":40.59844197488586},"median_abs_dev":{"confidence_interval":{"confidence_level":0.95,"lower_bound":190.57414934958496,"upper_bound":336.53764901339025},"point_estimate":264.3148786824714,"standard_error":36.32298347090448},"slope":{"confidence_interval":{"confidence_level":0.95,"lower_bound":291890.5624173007,"upper_bound":292262.1916201286},"point_estimate":292045.31061400915,"standard_error":96.7167917094775},"std_dev":{"confidence_interval":{"confidence_level":0.95,"lower_bound":1000.2588583586723,"upper_bound":3043.4483828136426},"point_estimate":2083.69098930367,"standard_error":534.3741126195032}}