{"mean":{"confidence_interval":{"confidence_level":0.95,"lower_bound":-0.007487167236516373,"upper_bound":-0.0024909460713167936},"point_estimate":-0.004955542982733818,"standard_error":0.0012674725275026682},"median":{"confidence_interval":{"confidence_level":0.95,"lower_bound":-0.006764011639754708,"upper_bound":-0.003311569133343295},"point_estimate":-0.005307762088657131,"standard_error":0.0009384811563673228}}