{"mean":{"confidence_interval":{"confidence_level":0.95,"lower_bound":-0.007008435449951369,"upper_bound":0.0030634015319837378},"point_estimate":-0.002800554253691079,"standard_error":0.002538581907791038},"median":{"confidence_interval":{"confidence_level":0.95,"lower_bound":-0.008382888352763462,"upper_bound":-0.0057345072302623645},"point_estimate":-0.006302856270259283,"standard_error":0.0007104204753847115}}