{"mean":{"confidence_interval":{"confidence_level":0.95,"lower_bound":-0.17748342282118929,"upper_bound":-0.17385248289494865},"point_estimate":-0.1757393689903053,"standard_error":0.0009535738282262397},"median":{"confidence_interval":{"confidence_level":0.95,"lower_bound":-0.17837377321003123,"upper_bound":-0.17632961478576714},"point_estimate":-0.17744294334451416,"standard_error":0.00048488344776820237}}