{"mean":{"confidence_interval":{"confidence_level":0.95,"lower_bound":-0.00996300882637463,"upper_bound":-0.004049118610718156},"point_estimate":-0.006926497523687347,"standard_error":0.0014994364413421276},"median":{"confidence_interval":{"confidence_level":0.95,"lower_bound":-0.00691970366741169,"upper_bound":-0.0046479831512339365},"point_estimate":-0.0058462858830889974,"standard_error":0.000575607651355747}}