{"mean":{"confidence_interval":{"confidence_level":0.95,"lower_bound":0.012395693377287948,"upper_bound":0.01734981912773918},"point_estimate":0.01496089113314647,"standard_error":0.0012654991141930244},"median":{"confidence_interval":{"confidence_level":0.95,"lower_bound":0.01458288040994038,"upper_bound":0.018285665429261355},"point_estimate":0.016687335639089085,"standard_error":0.001048738126218292}}