{"mean":{"confidence_interval":{"confidence_level":0.95,"lower_bound":-0.006221896851117478,"upper_bound":-0.0003381384218548369},"point_estimate":-0.003320738163261616,"standard_error":0.0015001003823872424},"median":{"confidence_interval":{"confidence_level":0.95,"lower_bound":-0.0059431309938973165,"upper_bound":-0.0019767486293128522},"point_estimate":-0.0034817676019770483,"standard_error":0.0010140635798902586}}