{"mean":{"confidence_interval":{"confidence_level":0.95,"lower_bound":-0.003405900331526403,"upper_bound":0.003253222471419327},"point_estimate":-0.00007354313901042353,"standard_error":0.00167773378036695},"median":{"confidence_interval":{"confidence_level":0.95,"lower_bound":-0.0038806970820802755,"upper_bound":0.003279910011407816},"point_estimate":0.0005322445148689958,"standard_error":0.0018976634176677016}}