{"mean":{"confidence_interval":{"confidence_level":0.95,"lower_bound":0.18222863350105292,"upper_bound":0.1890408756159135},"point_estimate":0.1856836340542134,"standard_error":0.0017237456546296424},"median":{"confidence_interval":{"confidence_level":0.95,"lower_bound":0.18094918444497798,"upper_bound":0.18927263733240762},"point_estimate":0.18389593682034722,"standard_error":0.002192959281558546}}