{"mean":{"confidence_interval":{"confidence_level":0.95,"lower_bound":0.010323396838712945,"upper_bound":0.015618279781962828},"point_estimate":0.012662411386976657,"standard_error":0.0013363687502231144},"median":{"confidence_interval":{"confidence_level":0.95,"lower_bound":0.008014970076403394,"upper_bound":0.011087219629952294},"point_estimate":0.009541325785382693,"standard_error":0.0007887382188136799}}