{"mean":{"confidence_interval":{"confidence_level":0.95,"lower_bound":-0.010997471488720111,"upper_bound":-0.009243322032071788},"point_estimate":-0.010103219357504356,"standard_error":0.0004460067558868321},"median":{"confidence_interval":{"confidence_level":0.95,"lower_bound":-0.010995869698600669,"upper_bound":-0.008627155178554946},"point_estimate":-0.010109375692069822,"standard_error":0.0006125156361081119}}