{"mean":{"confidence_interval":{"confidence_level":0.95,"lower_bound":0.00037980724719842733,"upper_bound":0.005846084355779772},"point_estimate":0.0031898494770017383,"standard_error":0.0014101763583318089},"median":{"confidence_interval":{"confidence_level":0.95,"lower_bound":0.0006927938190302019,"upper_bound":0.004474386675183517},"point_estimate":0.002513221350316508,"standard_error":0.0009373090288381386}}