{"mean":{"confidence_interval":{"confidence_level":0.95,"lower_bound":0.1949619972597516,"upper_bound":0.20003832264756669},"point_estimate":0.19755256825686485,"standard_error":0.0012991438238670015},"median":{"confidence_interval":{"confidence_level":0.95,"lower_bound":0.1966188086596424,"upper_bound":0.2011095820487021},"point_estimate":0.19857779103203543,"standard_error":0.0012437494193396242}}