{"mean":{"confidence_interval":{"confidence_level":0.95,"lower_bound":-0.1877597170245448,"upper_bound":-0.18552042502642085},"point_estimate":-0.18662616135809174,"standard_error":0.000571115441663627},"median":{"confidence_interval":{"confidence_level":0.95,"lower_bound":-0.18694680680358555,"upper_bound":-0.18456899895233947},"point_estimate":-0.18611911581456175,"standard_error":0.0005947423193315166}}