{"mean":{"confidence_interval":{"confidence_level":0.95,"lower_bound":-0.004709332231274094,"upper_bound":0.0002893318835175449},"point_estimate":-0.002058435332123687,"standard_error":0.0012800965186342335},"median":{"confidence_interval":{"confidence_level":0.95,"lower_bound":-0.0032134545172142056,"upper_bound":-0.00026586277573747985},"point_estimate":-0.002030862287445201,"standard_error":0.0007179490515564462}}