{"mean":{"confidence_interval":{"confidence_level":0.95,"lower_bound":0.06764454707503256,"upper_bound":0.07311958862641414},"point_estimate":0.07041637017872282,"standard_error":0.0013964086207083894},"median":{"confidence_interval":{"confidence_level":0.95,"lower_bound":0.07000937242897831,"upper_bound":0.07301226739226663},"point_estimate":0.07113081039086899,"standard_error":0.0008028101147263152}}