{"mean":{"confidence_interval":{"confidence_level":0.95,"lower_bound":-0.002003527078580977,"upper_bound":0.001139470997811048},"point_estimate":-0.00044330797375891073,"standard_error":0.0007978096839454605},"median":{"confidence_interval":{"confidence_level":0.95,"lower_bound":-0.0026092822125174716,"upper_bound":0.0013638651063525575},"point_estimate":0.0004071242224350513,"standard_error":0.0010227127198925714}}