{"mean":{"confidence_interval":{"confidence_level":0.95,"lower_bound":0.0056121361072336675,"upper_bound":0.009009007719840355},"point_estimate":0.007324624932274926,"standard_error":0.0008616416061258549},"median":{"confidence_interval":{"confidence_level":0.95,"lower_bound":0.006768027335322557,"upper_bound":0.009568966933494849},"point_estimate":0.007584486380026956,"standard_error":0.0007271293718059092}}