{"mean":{"confidence_interval":{"confidence_level":0.95,"lower_bound":0.0035757394397606447,"upper_bound":0.007887507743312178},"point_estimate":0.005912438484869442,"standard_error":0.00109717511181572},"median":{"confidence_interval":{"confidence_level":0.95,"lower_bound":0.006121386382941463,"upper_bound":0.008621066201513065},"point_estimate":0.007340380830098248,"standard_error":0.0006390208859329819}}