{"mean":{"confidence_interval":{"confidence_level":0.95,"lower_bound":-0.007822099996106766,"upper_bound":-0.004486373451552464},"point_estimate":-0.0059727332229788654,"standard_error":0.0008532473691984146},"median":{"confidence_interval":{"confidence_level":0.95,"lower_bound":-0.006915998549256508,"upper_bound":-0.0024881550252913165},"point_estimate":-0.005453898629442566,"standard_error":0.0012477722703017563}}