{"mean":{"confidence_interval":{"confidence_level":0.95,"lower_bound":-0.1720179605920822,"upper_bound":-0.16887529228794743},"point_estimate":-0.17055911289917092,"standard_error":0.000798506504922265},"median":{"confidence_interval":{"confidence_level":0.95,"lower_bound":-0.17363106060683942,"upper_bound":-0.1711623663734796},"point_estimate":-0.17249993783757533,"standard_error":0.0006181123417050053}}