{"mean":{"confidence_interval":{"confidence_level":0.95,"lower_bound":-0.01063775964950869,"upper_bound":-0.005048474030007711},"point_estimate":-0.007787291249600536,"standard_error":0.0014317973400721628},"median":{"confidence_interval":{"confidence_level":0.95,"lower_bound":-0.007286826494474652,"upper_bound":-0.00606583410514383},"point_estimate":-0.006762173063090016,"standard_error":0.0003239740118755495}}