{"mean":{"confidence_interval":{"confidence_level":0.95,"lower_bound":-0.022757277977393405,"upper_bound":-0.013824491690775993},"point_estimate":-0.018219141826210206,"standard_error":0.0022711072394762635},"median":{"confidence_interval":{"confidence_level":0.95,"lower_bound":-0.024868601199866003,"upper_bound":-0.010845487007125398},"point_estimate":-0.018842311896329678,"standard_error":0.0037711528522638145}}