{"mean":{"confidence_interval":{"confidence_level":0.95,"lower_bound":-0.010028649836338069,"upper_bound":-0.005073060534693681},"point_estimate":-0.007535299580700983,"standard_error":0.001257863963407414},"median":{"confidence_interval":{"confidence_level":0.95,"lower_bound":-0.005945189117130156,"upper_bound":-0.004375486177303101},"point_estimate":-0.005365318728721813,"standard_error":0.0004172441788848497}}