{"mean":{"confidence_interval":{"confidence_level":0.95,"lower_bound":-0.4676010190944331,"upper_bound":-0.4657800282977693},"point_estimate":-0.4667064898315031,"standard_error":0.0004624594491204434},"median":{"confidence_interval":{"confidence_level":0.95,"lower_bound":-0.467924760422997,"upper_bound":-0.46580778917610066},"point_estimate":-0.46672982936024643,"standard_error":0.0005481556659398938}}