{"mean":{"confidence_interval":{"confidence_level":0.95,"lower_bound":-0.009487536566848517,"upper_bound":-0.005133405675712697},"point_estimate":-0.00730928875509107,"standard_error":0.001099284184087054},"median":{"confidence_interval":{"confidence_level":0.95,"lower_bound":-0.00799786161418925,"upper_bound":-0.00667728782933541},"point_estimate":-0.007236482378165321,"standard_error":0.0003299448995865775}}