{"mean":{"confidence_interval":{"confidence_level":0.95,"lower_bound":0.1982730457265627,"upper_bound":0.20447176946073303},"point_estimate":0.20121617308636242,"standard_error":0.0015907205112259035},"median":{"confidence_interval":{"confidence_level":0.95,"lower_bound":0.20175983580213974,"upper_bound":0.2078779031100535},"point_estimate":0.20595479304514663,"standard_error":0.001512015316613338}}