{"mean":{"confidence_interval":{"confidence_level":0.95,"lower_bound":0.20442606680296163,"upper_bound":0.2093043615073099},"point_estimate":0.20688853557097286,"standard_error":0.0012468053479025804},"median":{"confidence_interval":{"confidence_level":0.95,"lower_bound":0.20790309672850787,"upper_bound":0.21235733642475285},"point_estimate":0.21026953181569508,"standard_error":0.0011333739735881114}}