{"mean":{"confidence_interval":{"confidence_level":0.95,"lower_bound":-0.005721462222696214,"upper_bound":-0.0011748966240642596},"point_estimate":-0.003419933959952215,"standard_error":0.0011636512964669878},"median":{"confidence_interval":{"confidence_level":0.95,"lower_bound":-0.005722002322067987,"upper_bound":-0.00015479261395146563},"point_estimate":-0.0026060353848464946,"standard_error":0.0014624901705002278}}