{"mean":{"confidence_interval":{"confidence_level":0.95,"lower_bound":-0.0022933595679449745,"upper_bound":0.0012734113034460145},"point_estimate":-0.0005062352058184949,"standard_error":0.0009094400573816493},"median":{"confidence_interval":{"confidence_level":0.95,"lower_bound":-0.003021596121525194,"upper_bound":0.002033661585706392},"point_estimate":-0.0006645744152772304,"standard_error":0.0013042773808880006}}