{"mean":{"confidence_interval":{"confidence_level":0.95,"lower_bound":0.009118239554293944,"upper_bound":0.013409801969045832},"point_estimate":0.011228141637749323,"standard_error":0.0010815554611956777},"median":{"confidence_interval":{"confidence_level":0.95,"lower_bound":0.010312088460507018,"upper_bound":0.014749650604054088},"point_estimate":0.012437306396239745,"standard_error":0.0012231696243161978}}