{"mean":{"confidence_interval":{"confidence_level":0.95,"lower_bound":-0.004645929803274098,"upper_bound":-0.002849577985877658},"point_estimate":-0.003723725748204121,"standard_error":0.00045953153052186104},"median":{"confidence_interval":{"confidence_level":0.95,"lower_bound":-0.0061829280368576045,"upper_bound":-0.0025906582274321933},"point_estimate":-0.004173902019823816,"standard_error":0.0008221049871959131}}