{"mean":{"confidence_interval":{"confidence_level":0.95,"lower_bound":-0.0061755307429716385,"upper_bound":-0.003275891123729885},"point_estimate":-0.004686469309938435,"standard_error":0.000736289967511516},"median":{"confidence_interval":{"confidence_level":0.95,"lower_bound":-0.006636669392673267,"upper_bound":-0.0008877626654912137},"point_estimate":-0.0038809114495038655,"standard_error":0.0013617544772158308}}