{"mean":{"confidence_interval":{"confidence_level":0.95,"lower_bound":0.007207845398947433,"upper_bound":0.012656394096907225},"point_estimate":0.009997878777457725,"standard_error":0.001391378577930051},"median":{"confidence_interval":{"confidence_level":0.95,"lower_bound":0.008861376026796375,"upper_bound":0.011316585023627868},"point_estimate":0.010001891236060656,"standard_error":0.0005996310541108571}}