{"mean":{"confidence_interval":{"confidence_level":0.95,"lower_bound":0.006362487990826288,"upper_bound":0.009937691370055},"point_estimate":0.00790601514846112,"standard_error":0.0008711359883392621},"median":{"confidence_interval":{"confidence_level":0.95,"lower_bound":0.004530546693644721,"upper_bound":0.008919683075614415},"point_estimate":0.007578421332767871,"standard_error":0.001241966499949416}}