{"mean":{"confidence_interval":{"confidence_level":0.95,"lower_bound":-0.011104628993308394,"upper_bound":-0.00863709617838874},"point_estimate":-0.009856022710822976,"standard_error":0.0006292438243060646},"median":{"confidence_interval":{"confidence_level":0.95,"lower_bound":-0.010864549074836027,"upper_bound":-0.00791776626546272},"point_estimate":-0.009703942773642393,"standard_error":0.0008228565092743365}}