{"mean":{"confidence_interval":{"confidence_level":0.95,"lower_bound":0.0026768790698302345,"upper_bound":0.004609681381814895},"point_estimate":0.0036598935506626518,"standard_error":0.0004960426143255854},"median":{"confidence_interval":{"confidence_level":0.95,"lower_bound":0.00242835875433256,"upper_bound":0.00625270999676486},"point_estimate":0.004125795456490389,"standard_error":0.0008417147759461467}}