{"mean":{"confidence_interval":{"confidence_level":0.95,"lower_bound":-0.003011181967300566,"upper_bound":-0.001375716532185875},"point_estimate":-0.002251041141079213,"standard_error":0.000418576652632029},"median":{"confidence_interval":{"confidence_level":0.95,"lower_bound":-0.0018773418395656716,"upper_bound":0.00026467115110029305},"point_estimate":-0.0005277993027494876,"standard_error":0.0005249811814935991}}