{"mean":{"confidence_interval":{"confidence_level":0.95,"lower_bound":0.001449337310511617,"upper_bound":0.00701623876218179},"point_estimate":0.0041349181287670955,"standard_error":0.0014067715265385582},"median":{"confidence_interval":{"confidence_level":0.95,"lower_bound":0.003062664643884938,"upper_bound":0.004455601577390889},"point_estimate":0.0037864899841786315,"standard_error":0.0003568104456021644}}