{"mean":{"confidence_interval":{"confidence_level":0.95,"lower_bound":-0.024347290519688737,"upper_bound":-0.015528888056711473},"point_estimate":-0.019720344853550897,"standard_error":0.002251781434634906},"median":{"confidence_interval":{"confidence_level":0.95,"lower_bound":-0.02403156249622651,"upper_bound":-0.015203943619203963},"point_estimate":-0.02024817269043655,"standard_error":0.0025240727939619917}}