{"mean":{"confidence_interval":{"confidence_level":0.95,"lower_bound":53348.61389984995,"upper_bound":54037.107547919964},"point_estimate":53674.95884855364,"standard_error":176.05505415094484},"median":{"confidence_interval":{"confidence_level":0.95,"lower_bound":53275.137470542024,"upper_bound":53640.54459575512},"point_estimate":53438.464002691384,"standard_error":93.57168131994813},"median_abs_dev":{"confidence_interval":{"confidence_level":0.95,"lower_bound":808.3122989727581,"upper_bound":1394.2735733273482},"point_estimate":1105.3865842953614,"standard_error":149.32726695128414},"slope":{"confidence_interval":{"confidence_level":0.95,"lower_bound":53173.025366297035,"upper_bound":53636.084282712945},"point_estimate":53403.579461628804,"standard_error":117.95699107379247},"std_dev":{"confidence_interval":{"confidence_level":0.95,"lower_bound":1217.174969281886,"upper_bound":2304.209023396376},"point_estimate":1771.0646788413208,"standard_error":281.13029572885006}}