{"mean":{"confidence_interval":{"confidence_level":0.95,"lower_bound":0.010145012696436468,"upper_bound":0.012957877975599252},"point_estimate":0.011530869467663463,"standard_error":0.0007134969658012637},"median":{"confidence_interval":{"confidence_level":0.95,"lower_bound":0.010565199637090572,"upper_bound":0.013857593100845556},"point_estimate":0.012349341353733001,"standard_error":0.0008663050194656721}}