{"mean":{"confidence_interval":{"confidence_level":0.95,"lower_bound":-0.0014038662767970832,"upper_bound":0.0002796174980941254},"point_estimate":-0.0005691897882170727,"standard_error":0.0004298729235839849},"median":{"confidence_interval":{"confidence_level":0.95,"lower_bound":-0.002387468946021598,"upper_bound":0.0004938120760380471},"point_estimate":-0.0009072103610597848,"standard_error":0.0007445521278759432}}