{"mean":{"confidence_interval":{"confidence_level":0.95,"lower_bound":-0.15774076100904896,"upper_bound":-0.15038884569646443},"point_estimate":-0.1547914763230247,"standard_error":0.001835285359432096},"median":{"confidence_interval":{"confidence_level":0.95,"lower_bound":-0.1593971739570339,"upper_bound":-0.15692246993990389},"point_estimate":-0.15827691143168032,"standard_error":0.0006531051638362995}}