{"mean":{"confidence_interval":{"confidence_level":0.95,"lower_bound":-0.01825381299605418,"upper_bound":-0.011467087053868072},"point_estimate":-0.014837510239244955,"standard_error":0.0017329948832290087},"median":{"confidence_interval":{"confidence_level":0.95,"lower_bound":-0.01830851443506066,"upper_bound":-0.010398102613801252},"point_estimate":-0.014052674804263976,"standard_error":0.0022617004223978343}}