{"mean":{"confidence_interval":{"confidence_level":0.95,"lower_bound":-0.0014601548183822365,"upper_bound":0.025341529538286875},"point_estimate":0.00916816734009962,"standard_error":0.007051704182640163},"median":{"confidence_interval":{"confidence_level":0.95,"lower_bound":-0.003179888845668095,"upper_bound":0.00013574822948148046},"point_estimate":-0.0012160664880542793,"standard_error":0.0007771551693857061}}