{"mean":{"confidence_interval":{"confidence_level":0.95,"lower_bound":0.016995083296696245,"upper_bound":0.020369360646174783},"point_estimate":0.018474593952826357,"standard_error":0.0008452513619565478},"median":{"confidence_interval":{"confidence_level":0.95,"lower_bound":0.017098290561839025,"upper_bound":0.01911371271863005},"point_estimate":0.01799217783309426,"standard_error":0.0005013817535910094}}