{"mean":{"confidence_interval":{"confidence_level":0.95,"lower_bound":-0.009032848380555111,"upper_bound":-0.006467350354011062},"point_estimate":-0.007689949516729966,"standard_error":0.0006537583413995288},"median":{"confidence_interval":{"confidence_level":0.95,"lower_bound":-0.010029901525552387,"upper_bound":-0.00689756548987952},"point_estimate":-0.008182806288834277,"standard_error":0.0007544789995894338}}