{"mean":{"confidence_interval":{"confidence_level":0.95,"lower_bound":0.002910159961858838,"upper_bound":0.005691215909405789},"point_estimate":0.004271439218290762,"standard_error":0.0007092490677994771},"median":{"confidence_interval":{"confidence_level":0.95,"lower_bound":0.0028532209202920544,"upper_bound":0.006271936781421017},"point_estimate":0.004504228201285931,"standard_error":0.0008792429504682595}}