{"mean":{"confidence_interval":{"confidence_level":0.95,"lower_bound":-0.029661298461993325,"upper_bound":-0.027188275953180338},"point_estimate":-0.028439600242319618,"standard_error":0.0006289913413558944},"median":{"confidence_interval":{"confidence_level":0.95,"lower_bound":-0.030081100512196035,"upper_bound":-0.02756155984087838},"point_estimate":-0.028510743099070868,"standard_error":0.000722447824888405}}