{"mean":{"confidence_interval":{"confidence_level":0.95,"lower_bound":0.19981216008350233,"upper_bound":0.20415610870985257},"point_estimate":0.2021157403646774,"standard_error":0.0011072179201556097},"median":{"confidence_interval":{"confidence_level":0.95,"lower_bound":0.20286074791808728,"upper_bound":0.20603172103924194},"point_estimate":0.2046455593465799,"standard_error":0.000811127981760824}}