{"mean":{"confidence_interval":{"confidence_level":0.95,"lower_bound":0.5770623751771333,"upper_bound":0.6154152944583635},"point_estimate":0.5991975330375863,"standard_error":0.010039576658807219},"median":{"confidence_interval":{"confidence_level":0.95,"lower_bound":0.613352314044088,"upper_bound":0.6190426435747702},"point_estimate":0.6168910751104899,"standard_error":0.0015527044373594221}}