{"mean":{"confidence_interval":{"confidence_level":0.95,"lower_bound":-0.025542896076342126,"upper_bound":-0.0008226064326467553},"point_estimate":-0.015679778570951153,"standard_error":0.006171389837477742},"median":{"confidence_interval":{"confidence_level":0.95,"lower_bound":-0.027922065609281566,"upper_bound":-0.024276385148245816},"point_estimate":-0.026298328420863548,"standard_error":0.000951154236243107}}