{"mean":{"confidence_interval":{"confidence_level":0.95,"lower_bound":-0.015239587372666952,"upper_bound":-0.006727856631720793},"point_estimate":-0.010849369787577112,"standard_error":0.0021762704744991957},"median":{"confidence_interval":{"confidence_level":0.95,"lower_bound":-0.004970396686315379,"upper_bound":0.0022803060315528256},"point_estimate":-0.0011060582505901806,"standard_error":0.0021718676475174416}}