{"mean":{"confidence_interval":{"confidence_level":0.95,"lower_bound":0.20708095598190668,"upper_bound":0.21130132199337023},"point_estimate":0.20924072313168773,"standard_error":0.0010771380252940607},"median":{"confidence_interval":{"confidence_level":0.95,"lower_bound":0.20791653614939198,"upper_bound":0.2130522210040242},"point_estimate":0.21026418678258585,"standard_error":0.0013298835423970323}}