{"mean":{"confidence_interval":{"confidence_level":0.95,"lower_bound":0.005418588654836442,"upper_bound":0.009473519486915476},"point_estimate":0.0074646361330330535,"standard_error":0.0010308192721143823},"median":{"confidence_interval":{"confidence_level":0.95,"lower_bound":0.006714813498902745,"upper_bound":0.00996131741321834},"point_estimate":0.008084728710010092,"standard_error":0.0008883882848468277}}