{"mean":{"confidence_interval":{"confidence_level":0.95,"lower_bound":0.008793824678378276,"upper_bound":0.01823376549366294},"point_estimate":0.013671374212517406,"standard_error":0.002407169525389116},"median":{"confidence_interval":{"confidence_level":0.95,"lower_bound":0.012013268121715326,"upper_bound":0.01893579569523407},"point_estimate":0.014448403431977397,"standard_error":0.0016781390282154804}}