{"mean":{"confidence_interval":{"confidence_level":0.95,"lower_bound":-0.0117241999619875,"upper_bound":-0.00847631146824148},"point_estimate":-0.009990071291910985,"standard_error":0.0008288281107223425},"median":{"confidence_interval":{"confidence_level":0.95,"lower_bound":-0.010417027040938654,"upper_bound":-0.00808288611722452},"point_estimate":-0.008846587009859297,"standard_error":0.0006053860595692241}}