{"mean":{"confidence_interval":{"confidence_level":0.95,"lower_bound":-0.02841484549450019,"upper_bound":-0.0025054408324890007},"point_estimate":-0.012945737462071838,"standard_error":0.006951096942059819},"median":{"confidence_interval":{"confidence_level":0.95,"lower_bound":-0.00452550259262996,"upper_bound":-0.0017377431120826348},"point_estimate":-0.0033255981592793527,"standard_error":0.0006929987621583374}}