{"mean":{"confidence_interval":{"confidence_level":0.95,"lower_bound":-0.0038281612144734968,"upper_bound":0.001861108864878563},"point_estimate":-0.0010770868092773167,"standard_error":0.0014362654649562464},"median":{"confidence_interval":{"confidence_level":0.95,"lower_bound":-0.0032801448960586566,"upper_bound":0.00011276153883188478},"point_estimate":-0.0017101561808189336,"standard_error":0.0008144953950195284}}