{"mean":{"confidence_interval":{"confidence_level":0.95,"lower_bound":0.00614326035207301,"upper_bound":0.008680238269207123},"point_estimate":0.007392661090944053,"standard_error":0.0006297067457940908},"median":{"confidence_interval":{"confidence_level":0.95,"lower_bound":0.006642343124580785,"upper_bound":0.00950830955618076},"point_estimate":0.008003203827101846,"standard_error":0.0007382375373535696}}