{"mean":{"confidence_interval":{"confidence_level":0.95,"lower_bound":-0.007328398908573941,"upper_bound":-0.0027329512646273794},"point_estimate":-0.004778886699253193,"standard_error":0.0011799680056502316},"median":{"confidence_interval":{"confidence_level":0.95,"lower_bound":-0.005225314867011166,"upper_bound":-0.002233678652494353},"point_estimate":-0.004077984555761027,"standard_error":0.0008201850543746596}}