{"mean":{"confidence_interval":{"confidence_level":0.95,"lower_bound":-0.17531719922093028,"upper_bound":-0.168389007242009},"point_estimate":-0.1718139724988943,"standard_error":0.0018147103884209909},"median":{"confidence_interval":{"confidence_level":0.95,"lower_bound":-0.1833997803188827,"upper_bound":-0.17752474904716864},"point_estimate":-0.18029125545993185,"standard_error":0.0017110338343876165}}