{"mean":{"confidence_interval":{"confidence_level":0.95,"lower_bound":-0.013631822905614585,"upper_bound":-0.0022918173871872343},"point_estimate":-0.007945230261088287,"standard_error":0.00289672502612813},"median":{"confidence_interval":{"confidence_level":0.95,"lower_bound":-0.011382584426955833,"upper_bound":-0.0036747506913318295},"point_estimate":-0.007158231776013935,"standard_error":0.0019592050628772614}}