{"mean":{"confidence_interval":{"confidence_level":0.95,"lower_bound":-0.0028754233074419515,"upper_bound":0.006469943945037057},"point_estimate":0.0018025836603905443,"standard_error":0.0023667530415963224},"median":{"confidence_interval":{"confidence_level":0.95,"lower_bound":0.0008701155216521705,"upper_bound":0.006527207184852082},"point_estimate":0.004483903420995361,"standard_error":0.0014394858271728978}}