{"mean":{"confidence_interval":{"confidence_level":0.95,"lower_bound":-0.025542086468042322,"upper_bound":-0.013626163811132295},"point_estimate":-0.019540311625153683,"standard_error":0.0030388625164054807},"median":{"confidence_interval":{"confidence_level":0.95,"lower_bound":-0.023968613178515175,"upper_bound":-0.011737481250307491},"point_estimate":-0.018532101811115087,"standard_error":0.0029841895848273037}}