{"mean":{"confidence_interval":{"confidence_level":0.95,"lower_bound":0.09440178299306179,"upper_bound":0.11659229081841654},"point_estimate":0.1045402850677013,"standard_error":0.0055325444463450195},"median":{"confidence_interval":{"confidence_level":0.95,"lower_bound":0.08858863564657504,"upper_bound":0.09726159561785308},"point_estimate":0.09314182029519036,"standard_error":0.002203905976983714}}