{"mean":{"confidence_interval":{"confidence_level":0.95,"lower_bound":-0.008019326655733319,"upper_bound":-0.0016361470691702911},"point_estimate":-0.004905411956876549,"standard_error":0.0016252847260225314},"median":{"confidence_interval":{"confidence_level":0.95,"lower_bound":-0.010072943470672113,"upper_bound":-0.004096622048212484},"point_estimate":-0.007039846850941389,"standard_error":0.001560831669712334}}