{"mean":{"confidence_interval":{"confidence_level":0.95,"lower_bound":-0.009539135280764666,"upper_bound":-0.0004916292751982455},"point_estimate":-0.004904734566596347,"standard_error":0.0023018717534226134},"median":{"confidence_interval":{"confidence_level":0.95,"lower_bound":-0.005884948747797769,"upper_bound":0.005458187829926733},"point_estimate":-0.0006956792454954064,"standard_error":0.0030166796962999096}}