{"mean":{"confidence_interval":{"confidence_level":0.95,"lower_bound":-0.01921503788350928,"upper_bound":0.002578249502974708},"point_estimate":-0.007806804557050628,"standard_error":0.005572518230793136},"median":{"confidence_interval":{"confidence_level":0.95,"lower_bound":-0.0015948629862485575,"upper_bound":0.007962310825896601},"point_estimate":0.002379451102997532,"standard_error":0.002425617099066847}}