{"mean":{"confidence_interval":{"confidence_level":0.95,"lower_bound":-0.004330274337829744,"upper_bound":0.0042912158306762605},"point_estimate":-0.00004385160280850897,"standard_error":0.002189876144195266},"median":{"confidence_interval":{"confidence_level":0.95,"lower_bound":-0.00263317145636488,"upper_bound":0.003312035492506915},"point_estimate":0.0009292551266761873,"standard_error":0.0015223706453155804}}