{"mean":{"confidence_interval":{"confidence_level":0.95,"lower_bound":-0.012082482348549858,"upper_bound":-0.004056944023321007},"point_estimate":-0.008102008848398956,"standard_error":0.002036597555820098},"median":{"confidence_interval":{"confidence_level":0.95,"lower_bound":-0.011236734724963227,"upper_bound":-0.004864489281120932},"point_estimate":-0.007555876656797689,"standard_error":0.001688404834943341}}