{"mean":{"confidence_interval":{"confidence_level":0.95,"lower_bound":0.07227186575144784,"upper_bound":0.12218641282616997},"point_estimate":0.10046565442585575,"standard_error":0.012963319568671328},"median":{"confidence_interval":{"confidence_level":0.95,"lower_bound":0.10909885654458673,"upper_bound":0.121912018948309},"point_estimate":0.11630217729740577,"standard_error":0.0031268188935273306}}