{"mean":{"confidence_interval":{"confidence_level":0.95,"lower_bound":-0.013388158793483379,"upper_bound":-0.005739264977044371},"point_estimate":-0.009309974553121991,"standard_error":0.0019542739297108563},"median":{"confidence_interval":{"confidence_level":0.95,"lower_bound":-0.013495696921310585,"upper_bound":-0.011470154274969113},"point_estimate":-0.012473640709764311,"standard_error":0.0005467833764964837}}