{"mean":{"confidence_interval":{"confidence_level":0.95,"lower_bound":-0.788814364012315,"upper_bound":-0.7636666157523724},"point_estimate":-0.7801742415068104,"standard_error":0.007636535787737601},"median":{"confidence_interval":{"confidence_level":0.95,"lower_bound":-0.788819956122386,"upper_bound":-0.787601199357151},"point_estimate":-0.7881629719095179,"standard_error":0.00028484885981735185}}