{"mean":{"confidence_interval":{"confidence_level":0.95,"lower_bound":-0.4042327396873534,"upper_bound":-0.33489891549125966},"point_estimate":-0.36109105938351327,"standard_error":0.020938398371545205},"median":{"confidence_interval":{"confidence_level":0.95,"lower_bound":-0.33940788650705445,"upper_bound":-0.3351407707784758},"point_estimate":-0.3373402061949544,"standard_error":0.0010518781980572139}}