{"mean":{"confidence_interval":{"confidence_level":0.95,"lower_bound":-0.1884558697402501,"upper_bound":-0.17451229324799825},"point_estimate":-0.18109064085880677,"standard_error":0.003560508158579316},"median":{"confidence_interval":{"confidence_level":0.95,"lower_bound":-0.18077598818769103,"upper_bound":-0.17104548004008435},"point_estimate":-0.17774258054596526,"standard_error":0.002435256325315997}}