{"mean":{"confidence_interval":{"confidence_level":0.95,"lower_bound":-0.0027429905839504733,"upper_bound":0.04179423973590545},"point_estimate":0.014777761283017554,"standard_error":0.011233796049617517},"median":{"confidence_interval":{"confidence_level":0.95,"lower_bound":-0.007403851223453916,"upper_bound":-0.0010421521843502288},"point_estimate":-0.00407354736271015,"standard_error":0.00166662265874217}}