{"mean":{"confidence_interval":{"confidence_level":0.95,"lower_bound":0.005794714839015126,"upper_bound":0.016342800218766367},"point_estimate":0.011472902780263139,"standard_error":0.002683335259647409},"median":{"confidence_interval":{"confidence_level":0.95,"lower_bound":0.008148313473154811,"upper_bound":0.015450623725165702},"point_estimate":0.010729298566627188,"standard_error":0.0018579605146190822}}