{"mean":{"confidence_interval":{"confidence_level":0.95,"lower_bound":-0.002808556229725179,"upper_bound":-0.0012392024007065107},"point_estimate":-0.001964044315371005,"standard_error":0.00040309773132873216},"median":{"confidence_interval":{"confidence_level":0.95,"lower_bound":-0.001876432466529132,"upper_bound":-0.0005932256502455546},"point_estimate":-0.0010640846186644737,"standard_error":0.0003263118163717852}}