{"mean":{"confidence_interval":{"confidence_level":0.95,"lower_bound":0.16845208648934396,"upper_bound":0.18151643813001883},"point_estimate":0.1760045760658584,"standard_error":0.0033795375274589525},"median":{"confidence_interval":{"confidence_level":0.95,"lower_bound":0.17489807388014336,"upper_bound":0.18665208641675837},"point_estimate":0.18205398495948466,"standard_error":0.0030851851605763064}}