{"mean":{"confidence_interval":{"confidence_level":0.95,"lower_bound":-0.0062168249382823304,"upper_bound":0.006546116655421001},"point_estimate":-0.0005525017461815995,"standard_error":0.0032513148922818412},"median":{"confidence_interval":{"confidence_level":0.95,"lower_bound":-0.009764566206130088,"upper_bound":0.0015107099009816771},"point_estimate":-0.005232854839060108,"standard_error":0.002979175136431095}}