{"mean":{"confidence_interval":{"confidence_level":0.95,"lower_bound":-0.007556211804478785,"upper_bound":-0.0009195894601065698},"point_estimate":-0.004610026322785954,"standard_error":0.0016501695236319331},"median":{"confidence_interval":{"confidence_level":0.95,"lower_bound":-0.008364430800884639,"upper_bound":-0.005523688652030649},"point_estimate":-0.006775667684518649,"standard_error":0.0006923305166306853}}