{"mean":{"confidence_interval":{"confidence_level":0.95,"lower_bound":-0.013223732495827286,"upper_bound":-0.006699540956679709},"point_estimate":-0.009762241375583569,"standard_error":0.0016694983666279003},"median":{"confidence_interval":{"confidence_level":0.95,"lower_bound":-0.008999984001180517,"upper_bound":-0.006224265736550771},"point_estimate":-0.008067855389338296,"standard_error":0.0007394479392391815}}