{"mean":{"confidence_interval":{"confidence_level":0.95,"lower_bound":-0.007645399198387656,"upper_bound":-0.005555371457280467},"point_estimate":-0.006706358121988831,"standard_error":0.0005269601054082104},"median":{"confidence_interval":{"confidence_level":0.95,"lower_bound":-0.010053362500075824,"upper_bound":-0.007405813616633215},"point_estimate":-0.00877621657719252,"standard_error":0.0007774515940935564}}