{"mean":{"confidence_interval":{"confidence_level":0.95,"lower_bound":-0.0006132598811650402,"upper_bound":0.0020257617676986248},"point_estimate":0.0006760159300116531,"standard_error":0.000681122293193882},"median":{"confidence_interval":{"confidence_level":0.95,"lower_bound":-0.0018563595045627546,"upper_bound":0.0010158003161122586},"point_estimate":-0.00038116198017057457,"standard_error":0.0007481890801769849}}