{"mean":{"confidence_interval":{"confidence_level":0.95,"lower_bound":0.0003620741832832397,"upper_bound":0.0026382809581869107},"point_estimate":0.0013017620290394216,"standard_error":0.000601988244464878},"median":{"confidence_interval":{"confidence_level":0.95,"lower_bound":0.00030801762488685824,"upper_bound":0.00105960270538219},"point_estimate":0.0007505224597903482,"standard_error":0.0001957922772726683}}