{"mean":{"confidence_interval":{"confidence_level":0.95,"lower_bound":-0.1705106502150099,"upper_bound":-0.16515179550465292},"point_estimate":-0.16823999208231655,"standard_error":0.0014104732664549245},"median":{"confidence_interval":{"confidence_level":0.95,"lower_bound":-0.17152920704273178,"upper_bound":-0.17023623487637796},"point_estimate":-0.17097001907761444,"standard_error":0.00033852256100216975}}