{"mean":{"confidence_interval":{"confidence_level":0.95,"lower_bound":0.00021686835256195025,"upper_bound":0.004296440855790969},"point_estimate":0.0022641614332103988,"standard_error":0.0010472385686767054},"median":{"confidence_interval":{"confidence_level":0.95,"lower_bound":0.001609817885770637,"upper_bound":0.0030317368473895545},"point_estimate":0.002231204731389047,"standard_error":0.00035549545918825035}}