{"mean":{"confidence_interval":{"confidence_level":0.95,"lower_bound":0.012224506706150823,"upper_bound":0.014070106788859737},"point_estimate":0.013183697336569544,"standard_error":0.0004819949928089838},"median":{"confidence_interval":{"confidence_level":0.95,"lower_bound":0.011658954094426965,"upper_bound":0.013744548358338493},"point_estimate":0.012774871329654491,"standard_error":0.0005183137111019638}}