{"mean":{"confidence_interval":{"confidence_level":0.95,"lower_bound":-0.00037495881356981714,"upper_bound":0.0029802846339707528},"point_estimate":0.000866963261434428,"standard_error":0.0009300481806465132},"median":{"confidence_interval":{"confidence_level":0.95,"lower_bound":-0.0008572017621296668,"upper_bound":0.00002165594813163807},"point_estimate":-0.00034652108215293964,"standard_error":0.0002245211793489385}}