{"mean":{"confidence_interval":{"confidence_level":0.95,"lower_bound":-0.011631297834149179,"upper_bound":-0.0073934669783887385},"point_estimate":-0.009343958099818028,"standard_error":0.0010745689107470066},"median":{"confidence_interval":{"confidence_level":0.95,"lower_bound":-0.010184356064612321,"upper_bound":-0.008003828469762109},"point_estimate":-0.009090815360170756,"standard_error":0.0005336267681831643}}