{"mean":{"confidence_interval":{"confidence_level":0.95,"lower_bound":-0.004139735318679699,"upper_bound":-0.0020737492455204817},"point_estimate":-0.0029633902565283643,"standard_error":0.0005349867930113336},"median":{"confidence_interval":{"confidence_level":0.95,"lower_bound":-0.0023390261262151713,"upper_bound":-0.0018756260467168717},"point_estimate":-0.0021895553679363022,"standard_error":0.00011940634885520715}}