{"mean":{"confidence_interval":{"confidence_level":0.95,"lower_bound":-0.008276919597938892,"upper_bound":-0.002434545587658731},"point_estimate":-0.00518725205561954,"standard_error":0.0014866232982654781},"median":{"confidence_interval":{"confidence_level":0.95,"lower_bound":-0.005442017923374287,"upper_bound":-0.004024981157260369},"point_estimate":-0.004644290659145622,"standard_error":0.0003624113348457516}}