{"mean":{"confidence_interval":{"confidence_level":0.95,"lower_bound":-0.009304029759492603,"upper_bound":-0.005856363451105946},"point_estimate":-0.007391198623375783,"standard_error":0.0008864204912885259},"median":{"confidence_interval":{"confidence_level":0.95,"lower_bound":-0.008117952276557427,"upper_bound":-0.005920344628573493},"point_estimate":-0.006844361216275963,"standard_error":0.0005509200780400804}}