{"mean":{"confidence_interval":{"confidence_level":0.95,"lower_bound":-0.13220283868179836,"upper_bound":-0.12801641642022},"point_estimate":-0.13034516888555703,"standard_error":0.0010961620585639691},"median":{"confidence_interval":{"confidence_level":0.95,"lower_bound":-0.1360326988090601,"upper_bound":-0.13457058096665175},"point_estimate":-0.13519698398481328,"standard_error":0.00036018750574409806}}