{"mean":{"confidence_interval":{"confidence_level":0.95,"lower_bound":0.010165054534630309,"upper_bound":0.01443684860598358},"point_estimate":0.012336375801203836,"standard_error":0.0010738958967101782},"median":{"confidence_interval":{"confidence_level":0.95,"lower_bound":0.010670979829926042,"upper_bound":0.01296829251767916},"point_estimate":0.011902217198035414,"standard_error":0.0006621563369678769}}