{"mean":{"confidence_interval":{"confidence_level":0.95,"lower_bound":-0.0526596983730622,"upper_bound":-0.04745698819442224},"point_estimate":-0.049968409589712715,"standard_error":0.0013284334608094112},"median":{"confidence_interval":{"confidence_level":0.95,"lower_bound":-0.047800515365928664,"upper_bound":-0.046562924859253174},"point_estimate":-0.047088451377236606,"standard_error":0.00030006065397520043}}