{"mean":{"confidence_interval":{"confidence_level":0.95,"lower_bound":0.2094543978830181,"upper_bound":0.21384742119987765},"point_estimate":0.21175032838583996,"standard_error":0.0011223442508896703},"median":{"confidence_interval":{"confidence_level":0.95,"lower_bound":0.2128937237741546,"upper_bound":0.2161491123001522},"point_estimate":0.21425789230610226,"standard_error":0.0008611737498618622}}