{"mean":{"confidence_interval":{"confidence_level":0.95,"lower_bound":0.0025855959569715094,"upper_bound":0.00913577337663662},"point_estimate":0.005791902708579544,"standard_error":0.001660370047853298},"median":{"confidence_interval":{"confidence_level":0.95,"lower_bound":0.004934237932759711,"upper_bound":0.006622537260899675},"point_estimate":0.006063313909297596,"standard_error":0.00040780341310073487}}