{"mean":{"confidence_interval":{"confidence_level":0.95,"lower_bound":0.12026689817734236,"upper_bound":0.12480765271363986},"point_estimate":0.12274109379460829,"standard_error":0.0011584333140882658},"median":{"confidence_interval":{"confidence_level":0.95,"lower_bound":0.12309874804430954,"upper_bound":0.12436017584429021},"point_estimate":0.12367105817488899,"standard_error":0.00033432444050661837}}