{"mean":{"confidence_interval":{"confidence_level":0.95,"lower_bound":0.06426594292167741,"upper_bound":0.0929202583977985},"point_estimate":0.07835878284855835,"standard_error":0.007317842278382719},"median":{"confidence_interval":{"confidence_level":0.95,"lower_bound":0.0612814991085886,"upper_bound":0.10580199678571178},"point_estimate":0.0797824258536739,"standard_error":0.011150266287562577}}