{"mean":{"confidence_interval":{"confidence_level":0.95,"lower_bound":-0.039056304872596204,"upper_bound":-0.018828137273634173},"point_estimate":-0.028951138906345264,"standard_error":0.005095932642814929},"median":{"confidence_interval":{"confidence_level":0.95,"lower_bound":-0.039740427553978885,"upper_bound":-0.014664465858338915},"point_estimate":-0.03150649060216848,"standard_error":0.007448602864618993}}