{"mean":{"confidence_interval":{"confidence_level":0.95,"lower_bound":0.053207439058460794,"upper_bound":0.07226731873193534},"point_estimate":0.06265851484090135,"standard_error":0.004862210892657829},"median":{"confidence_interval":{"confidence_level":0.95,"lower_bound":0.05329822969165332,"upper_bound":0.07158839004142041},"point_estimate":0.06239559699615893,"standard_error":0.0047497997751156555}}