{"mean":{"confidence_interval":{"confidence_level":0.95,"lower_bound":0.06571823902381334,"upper_bound":0.09596514818096069},"point_estimate":0.08045463641867578,"standard_error":0.00793551888575601},"median":{"confidence_interval":{"confidence_level":0.95,"lower_bound":0.02809929059962538,"upper_bound":0.09235601140273131},"point_estimate":0.05812797338858866,"standard_error":0.017224618802310188}}