{"mean":{"confidence_interval":{"confidence_level":0.95,"lower_bound":0.022818477619147876,"upper_bound":0.03964473846736835},"point_estimate":0.03137864874403351,"standard_error":0.004287857663814202},"median":{"confidence_interval":{"confidence_level":0.95,"lower_bound":0.0039048306991640133,"upper_bound":0.024653874315951008},"point_estimate":0.009385961333931547,"standard_error":0.006041474165660151}}