{"mean":{"confidence_interval":{"confidence_level":0.95,"lower_bound":-0.10400888454978875,"upper_bound":-0.07308976224207174},"point_estimate":-0.08953448429862865,"standard_error":0.007795393189863093},"median":{"confidence_interval":{"confidence_level":0.95,"lower_bound":-0.12970867815571818,"upper_bound":-0.08680757960438334},"point_estimate":-0.10014746737479363,"standard_error":0.013704541273483885}}