{"mean":{"confidence_interval":{"confidence_level":0.95,"lower_bound":-0.040074792482620775,"upper_bound":-0.0007107846710508759},"point_estimate":-0.02059446897722428,"standard_error":0.009972884749501167},"median":{"confidence_interval":{"confidence_level":0.95,"lower_bound":-0.05461782800247206,"upper_bound":-0.027263515363561086},"point_estimate":-0.03932025984668275,"standard_error":0.0091559586032098}}