{"mean":{"confidence_interval":{"confidence_level":0.95,"lower_bound":-0.3637470520336579,"upper_bound":-0.3542274719906384},"point_estimate":-0.35896837804954473,"standard_error":0.002441837329171508},"median":{"confidence_interval":{"confidence_level":0.95,"lower_bound":-0.3657592115360183,"upper_bound":-0.3505282893094447},"point_estimate":-0.35591347971999887,"standard_error":0.003921773340819391}}