{"mean":{"confidence_interval":{"confidence_level":0.95,"lower_bound":-0.0717127151866277,"upper_bound":-0.04126434860822939},"point_estimate":-0.05644870213525066,"standard_error":0.007768293265030221},"median":{"confidence_interval":{"confidence_level":0.95,"lower_bound":-0.1035416463647083,"upper_bound":-0.05193784532046508},"point_estimate":-0.07912609149467231,"standard_error":0.013477819999550535}}