{"mean":{"confidence_interval":{"confidence_level":0.95,"lower_bound":0.16920466986413107,"upper_bound":0.1827437990573289},"point_estimate":0.17617380116765258,"standard_error":0.003458814421700196},"median":{"confidence_interval":{"confidence_level":0.95,"lower_bound":0.17940735161778054,"upper_bound":0.19237206258414197},"point_estimate":0.18696441817743192,"standard_error":0.0030686495360339695}}