{"mean":{"confidence_interval":{"confidence_level":0.95,"lower_bound":0.00459547673222216,"upper_bound":0.020916302258753575},"point_estimate":0.012871236489638394,"standard_error":0.004170527968399399},"median":{"confidence_interval":{"confidence_level":0.95,"lower_bound":0.002010824338227985,"upper_bound":0.05198766393653065},"point_estimate":0.0066109015062914,"standard_error":0.01153784053886441}}