{"mean":{"confidence_interval":{"confidence_level":0.95,"lower_bound":-0.0490660846702371,"upper_bound":-0.03297168380097544},"point_estimate":-0.040665194088073675,"standard_error":0.004108254046002024},"median":{"confidence_interval":{"confidence_level":0.95,"lower_bound":-0.043340361968157826,"upper_bound":-0.029053615357615192},"point_estimate":-0.036090170625297735,"standard_error":0.003489057840489784}}