{"mean":{"confidence_interval":{"confidence_level":0.95,"lower_bound":21282.969293630667,"upper_bound":21307.488752300444},"point_estimate":21295.06265558314,"standard_error":6.246602411688585},"median":{"confidence_interval":{"confidence_level":0.95,"lower_bound":21277.50032566218,"upper_bound":21298.576650300056},"point_estimate":21287.845997973658,"standard_error":6.0986004342781195},"median_abs_dev":{"confidence_interval":{"confidence_level":0.95,"lower_bound":42.03262520784736,"upper_bound":69.81922731134992},"point_estimate":57.37188727931762,"standard_error":6.902333006599836},"slope":{"confidence_interval":{"confidence_level":0.95,"lower_bound":21285.362812214134,"upper_bound":21323.53308941956},"point_estimate":21304.017836937077,"standard_error":9.747638175076448},"std_dev":{"confidence_interval":{"confidence_level":0.95,"lower_bound":52.08353434442253,"upper_bound":72.50875676469296},"point_estimate":62.68301591796661,"standard_error":5.230148979761241}}