{"mean":{"confidence_interval":{"confidence_level":0.95,"lower_bound":0.0013029022061580246,"upper_bound":0.003108166167692172},"point_estimate":0.002203368033952602,"standard_error":0.0004637594509174368},"median":{"confidence_interval":{"confidence_level":0.95,"lower_bound":0.002459777198935864,"upper_bound":0.004444466242689238},"point_estimate":0.003683326709792656,"standard_error":0.0005283390206982753}}