{"mean":{"confidence_interval":{"confidence_level":0.95,"lower_bound":0.009507501599682656,"upper_bound":0.014759786143789155},"point_estimate":0.012110552730576929,"standard_error":0.0013364763635499725},"median":{"confidence_interval":{"confidence_level":0.95,"lower_bound":0.00880368170526924,"upper_bound":0.0120169679911446},"point_estimate":0.010384681172009858,"standard_error":0.0008468626686007909}}