{"mean":{"confidence_interval":{"confidence_level":0.95,"lower_bound":0.02054977038826298,"upper_bound":0.02687195549215791},"point_estimate":0.02367127895439136,"standard_error":0.001629998363707653},"median":{"confidence_interval":{"confidence_level":0.95,"lower_bound":0.019290559012473476,"upper_bound":0.028737629068541493},"point_estimate":0.02375169671172217,"standard_error":0.002225082302133314}}