{"mean":{"confidence_interval":{"confidence_level":0.95,"lower_bound":-0.003934650793651747,"upper_bound":-0.002057640966199965},"point_estimate":-0.003011139655360151,"standard_error":0.00047684535717008717},"median":{"confidence_interval":{"confidence_level":0.95,"lower_bound":-0.003524658907794742,"upper_bound":-0.002432951083513925},"point_estimate":-0.0029777374132093914,"standard_error":0.0002619818543887641}}