{"mean":{"confidence_interval":{"confidence_level":0.95,"lower_bound":-0.0017852171038720303,"upper_bound":0.0010038977066776408},"point_estimate":-0.00052456491316899,"standard_error":0.0007118520422277457},"median":{"confidence_interval":{"confidence_level":0.95,"lower_bound":-0.0026653605338263775,"upper_bound":-0.000057661290876461226},"point_estimate":-0.0014693644399715877,"standard_error":0.0006380969320926757}}