{"mean":{"confidence_interval":{"confidence_level":0.95,"lower_bound":-0.010350842204166724,"upper_bound":-0.006125128475127976},"point_estimate":-0.00798873189139837,"standard_error":0.0010780012829918967},"median":{"confidence_interval":{"confidence_level":0.95,"lower_bound":-0.009151543149926167,"upper_bound":-0.005942585249697374},"point_estimate":-0.008134294609311254,"standard_error":0.0008326132897720445}}