{"mean":{"confidence_interval":{"confidence_level":0.95,"lower_bound":0.19797726040972644,"upper_bound":0.20587493244251137},"point_estimate":0.20197980260314896,"standard_error":0.00201366947409244},"median":{"confidence_interval":{"confidence_level":0.95,"lower_bound":0.20224980232967193,"upper_bound":0.20540273866016065},"point_estimate":0.20310741471105875,"standard_error":0.0008063153590668645}}