{"mean":{"confidence_interval":{"confidence_level":0.95,"lower_bound":0.005746153547466215,"upper_bound":0.015905725156267175},"point_estimate":0.010623521177063111,"standard_error":0.002598193390581441},"median":{"confidence_interval":{"confidence_level":0.95,"lower_bound":0.006225886714503082,"upper_bound":0.01803034526397873},"point_estimate":0.014609563114480029,"standard_error":0.003228645097566386}}