{"mean":{"confidence_interval":{"confidence_level":0.95,"lower_bound":0.3633403145166882,"upper_bound":0.37521701847481553},"point_estimate":0.3696409419354232,"standard_error":0.003038623460253496},"median":{"confidence_interval":{"confidence_level":0.95,"lower_bound":0.3707887139135124,"upper_bound":0.37895824837841396},"point_estimate":0.3768524237521711,"standard_error":0.00229383832804562}}