{"mean":{"confidence_interval":{"confidence_level":0.95,"lower_bound":0.18497977137635177,"upper_bound":0.1933425370230643},"point_estimate":0.189025634497477,"standard_error":0.0021313004740466856},"median":{"confidence_interval":{"confidence_level":0.95,"lower_bound":0.18390753836984808,"upper_bound":0.19427761403516156},"point_estimate":0.18799725929821687,"standard_error":0.0022257198471590865}}