{"mean":{"confidence_interval":{"confidence_level":0.95,"lower_bound":-0.00017851761461147272,"upper_bound":0.004848277442951748},"point_estimate":0.00229476342973145,"standard_error":0.0012856331712852442},"median":{"confidence_interval":{"confidence_level":0.95,"lower_bound":0.0007478573750211659,"upper_bound":0.0035827581851861634},"point_estimate":0.0024082618265306444,"standard_error":0.0009005027607295251}}