{"mean":{"confidence_interval":{"confidence_level":0.95,"lower_bound":-0.004166038461812618,"upper_bound":-0.002370134642851357},"point_estimate":-0.00325916755097988,"standard_error":0.0004573674404963495},"median":{"confidence_interval":{"confidence_level":0.95,"lower_bound":-0.005506512456252999,"upper_bound":-0.003613391134812738},"point_estimate":-0.00475953596537293,"standard_error":0.0005017277665072076}}