{"mean":{"confidence_interval":{"confidence_level":0.95,"lower_bound":-0.0036335003506098723,"upper_bound":-0.0015714207249118957},"point_estimate":-0.002634092121704179,"standard_error":0.0005262581280765588},"median":{"confidence_interval":{"confidence_level":0.95,"lower_bound":-0.0035845242929990473,"upper_bound":-0.0009986173381667518},"point_estimate":-0.0023594520658163365,"standard_error":0.0006302516756048167}}