{"mean":{"confidence_interval":{"confidence_level":0.95,"lower_bound":-0.010256377285717933,"upper_bound":-0.005433298531447995},"point_estimate":-0.007594997627274447,"standard_error":0.001236143838899156},"median":{"confidence_interval":{"confidence_level":0.95,"lower_bound":-0.008291033707077622,"upper_bound":-0.004345497456852421},"point_estimate":-0.005478700137321435,"standard_error":0.0010353734492372082}}