{"mean":{"confidence_interval":{"confidence_level":0.95,"lower_bound":0.005434578333959989,"upper_bound":0.009521819370350442},"point_estimate":0.007468518054186246,"standard_error":0.0010390195602279864},"median":{"confidence_interval":{"confidence_level":0.95,"lower_bound":0.005174163838613799,"upper_bound":0.008689766669280303},"point_estimate":0.006912482768044015,"standard_error":0.0009371368982671927}}