{"mean":{"confidence_interval":{"confidence_level":0.95,"lower_bound":-0.18637127591905345,"upper_bound":-0.18227404489446328},"point_estimate":-0.18422402650563663,"standard_error":0.0010399854361331509},"median":{"confidence_interval":{"confidence_level":0.95,"lower_bound":-0.1868045890856438,"upper_bound":-0.1845711983107744},"point_estimate":-0.18576400526468295,"standard_error":0.0005496442613726185}}