{"mean":{"confidence_interval":{"confidence_level":0.95,"lower_bound":-0.018725748084490935,"upper_bound":-0.007435288512451245},"point_estimate":-0.012897904299467577,"standard_error":0.0028875435190838152},"median":{"confidence_interval":{"confidence_level":0.95,"lower_bound":-0.019458835729760544,"upper_bound":-0.007243878571820406},"point_estimate":-0.016018719342493326,"standard_error":0.003165860886654204}}