{"mean":{"confidence_interval":{"confidence_level":0.95,"lower_bound":-0.01377449020692664,"upper_bound":-0.010701612052160085},"point_estimate":-0.012249474170343055,"standard_error":0.0007918844187286764},"median":{"confidence_interval":{"confidence_level":0.95,"lower_bound":-0.013476122026407467,"upper_bound":-0.010173810854090415},"point_estimate":-0.011643893577433562,"standard_error":0.0008416726465888032}}