{"mean":{"confidence_interval":{"confidence_level":0.95,"lower_bound":-0.00840969369648623,"upper_bound":-0.00635094266367558},"point_estimate":-0.007372121544395149,"standard_error":0.0005273339699484489},"median":{"confidence_interval":{"confidence_level":0.95,"lower_bound":-0.00947117693677968,"upper_bound":-0.0062334697710171305},"point_estimate":-0.00751563223380225,"standard_error":0.0008269975024706728}}