{"mean":{"confidence_interval":{"confidence_level":0.95,"lower_bound":-0.005904125262782605,"upper_bound":0.0022777053780036285},"point_estimate":-0.0015642743950982085,"standard_error":0.0020891826740299306},"median":{"confidence_interval":{"confidence_level":0.95,"lower_bound":-0.0028427542070804668,"upper_bound":0.009782036970283384},"point_estimate":0.006178788135385638,"standard_error":0.003440422776617484}}