{"mean":{"confidence_interval":{"confidence_level":0.95,"lower_bound":-0.1636493850317412,"upper_bound":-0.15726352622601317},"point_estimate":-0.16036764606119058,"standard_error":0.0016316050071193886},"median":{"confidence_interval":{"confidence_level":0.95,"lower_bound":-0.16454265027337478,"upper_bound":-0.15971355716752111},"point_estimate":-0.16160012344690122,"standard_error":0.0014582742192918903}}