{"mean":{"confidence_interval":{"confidence_level":0.95,"lower_bound":-0.02662345181501069,"upper_bound":-0.018407868931278333},"point_estimate":-0.0225327536601041,"standard_error":0.0020923015157600124},"median":{"confidence_interval":{"confidence_level":0.95,"lower_bound":-0.026669298781506146,"upper_bound":-0.02096872164922651},"point_estimate":-0.0230465785846784,"standard_error":0.0014067875200879992}}