{"mean":{"confidence_interval":{"confidence_level":0.95,"lower_bound":4936427.9378181845,"upper_bound":4953953.195204546},"point_estimate":4944399.616363638,"standard_error":4480.852291748749},"median":{"confidence_interval":{"confidence_level":0.95,"lower_bound":4935878.818181818,"upper_bound":4940950.7272727275},"point_estimate":4937871.181818182,"standard_error":1214.622120672361},"median_abs_dev":{"confidence_interval":{"confidence_level":0.95,"lower_bound":7884.736223654062,"upper_bound":15963.155601370061},"point_estimate":10995.90487751075,"standard_error":2083.440536923247},"slope":null,"std_dev":{"confidence_interval":{"confidence_level":0.95,"lower_bound":21802.587594612887,"upper_bound":67829.9991713189},"point_estimate":45020.970984033665,"standard_error":12523.112758964528}}