{"mean":{"confidence_interval":{"confidence_level":0.95,"lower_bound":5815758.237,"upper_bound":5828719.193083335},"point_estimate":5822214.13111111,"standard_error":3325.501959513974},"median":{"confidence_interval":{"confidence_level":0.95,"lower_bound":5813872.666666667,"upper_bound":5829703.666666667},"point_estimate":5819960.611111111,"standard_error":4576.548662092449},"median_abs_dev":{"confidence_interval":{"confidence_level":0.95,"lower_bound":24373.53173394963,"upper_bound":43853.41278811265},"point_estimate":30091.26089910697,"standard_error":5152.419401161999},"slope":null,"std_dev":{"confidence_interval":{"confidence_level":0.95,"lower_bound":28937.789471879092,"upper_bound":37379.06608813533},"point_estimate":33403.717934721324,"standard_error":2161.263313740179}}