{"mean":{"confidence_interval":{"confidence_level":0.95,"lower_bound":11594054.58570001,"upper_bound":11622311.235550009},"point_estimate":11608295.350000009,"standard_error":7226.272176873631},"median":{"confidence_interval":{"confidence_level":0.95,"lower_bound":11587525.0,"upper_bound":11626433.2},"point_estimate":11607624.899999999,"standard_error":11625.40282890918},"median_abs_dev":{"confidence_interval":{"confidence_level":0.95,"lower_bound":58865.445874929705,"upper_bound":90889.75356638452},"point_estimate":77107.50421106788,"standard_error":8459.896414881126},"slope":null,"std_dev":{"confidence_interval":{"confidence_level":0.95,"lower_bound":63181.233906258916,"upper_bound":81544.20441366965},"point_estimate":72939.07519117123,"standard_error":4700.096911903563}}