{"mean":{"confidence_interval":{"confidence_level":0.95,"lower_bound":0.0006703355612305899,"upper_bound":0.0034441344852376757},"point_estimate":0.0020877970567183546,"standard_error":0.0007126519050571752},"median":{"confidence_interval":{"confidence_level":0.95,"lower_bound":0.000860652648424276,"upper_bound":0.003801067361539623},"point_estimate":0.0018027028934839429,"standard_error":0.0007841760201099675}}