{"mean":{"confidence_interval":{"confidence_level":0.95,"lower_bound":106.9493327194568,"upper_bound":107.45568226747673},"point_estimate":107.16166043632761,"standard_error":0.13089732355965614},"median":{"confidence_interval":{"confidence_level":0.95,"lower_bound":106.81093512673854,"upper_bound":106.9843081082821},"point_estimate":106.90174390482366,"standard_error":0.04577866906822095},"median_abs_dev":{"confidence_interval":{"confidence_level":0.95,"lower_bound":0.23514246752027576,"upper_bound":0.3851721995181956},"point_estimate":0.2927194705028864,"standard_error":0.038179621618164475},"slope":{"confidence_interval":{"confidence_level":0.95,"lower_bound":106.84562100897726,"upper_bound":107.26379391672413},"point_estimate":107.0075460099226,"standard_error":0.11106579564586225},"std_dev":{"confidence_interval":{"confidence_level":0.95,"lower_bound":0.4144222786852961,"upper_bound":2.073176032171882},"point_estimate":1.31696468289617,"standard_error":0.46156995347527924}}