{"mean":{"confidence_interval":{"confidence_level":0.95,"lower_bound":0.001953604102729695,"upper_bound":0.00796798413364479},"point_estimate":0.004699037912443416,"standard_error":0.0015365401164821782},"median":{"confidence_interval":{"confidence_level":0.95,"lower_bound":0.001410059980936438,"upper_bound":0.004551996571019679},"point_estimate":0.003052896142630157,"standard_error":0.0008412651413440183}}