{"mean":{"confidence_interval":{"confidence_level":0.95,"lower_bound":-0.15431047988945124,"upper_bound":0.0069326773176033125},"point_estimate":-0.05484229214840475,"standard_error":0.051114547422799306},"median":{"confidence_interval":{"confidence_level":0.95,"lower_bound":0.007567300996942478,"upper_bound":0.01154476469911625},"point_estimate":0.00974188313215385,"standard_error":0.0009843762393688246}}