{"mean":{"confidence_interval":{"confidence_level":0.95,"lower_bound":-0.02290848492285369,"upper_bound":-0.01321557309546674},"point_estimate":-0.0173602765494677,"standard_error":0.002500319570921336},"median":{"confidence_interval":{"confidence_level":0.95,"lower_bound":-0.016368220987422855,"upper_bound":-0.010835045422473932},"point_estimate":-0.013976933138904024,"standard_error":0.001404616557445373}}