{"mean":{"confidence_interval":{"confidence_level":0.95,"lower_bound":-0.1656117423891753,"upper_bound":-0.16141887250318948},"point_estimate":-0.1636552693667348,"standard_error":0.00106742115078459},"median":{"confidence_interval":{"confidence_level":0.95,"lower_bound":-0.16458861319245802,"upper_bound":-0.16057587675452892},"point_estimate":-0.16242211727594458,"standard_error":0.0009399741204424037}}