{"mean":{"confidence_interval":{"confidence_level":0.95,"lower_bound":-0.004812991263693802,"upper_bound":0.001271414695864914},"point_estimate":-0.0017604487615745512,"standard_error":0.0015571116207745688},"median":{"confidence_interval":{"confidence_level":0.95,"lower_bound":-0.0046822170633925575,"upper_bound":0.0004923874763764768},"point_estimate":-0.002028864337525471,"standard_error":0.0014125952577462842}}