{"mean":{"confidence_interval":{"confidence_level":0.95,"lower_bound":0.2073505802517593,"upper_bound":0.21475141165735043},"point_estimate":0.21101505092973905,"standard_error":0.0018798097275986492},"median":{"confidence_interval":{"confidence_level":0.95,"lower_bound":0.20921165954831075,"upper_bound":0.21252477194332028},"point_estimate":0.21064052774859698,"standard_error":0.0008396379986583577}}