{"mean":{"confidence_interval":{"confidence_level":0.95,"lower_bound":-0.002075533286748332,"upper_bound":-0.00042063914841547213},"point_estimate":-0.0011922853453467663,"standard_error":0.0004208837763950291},"median":{"confidence_interval":{"confidence_level":0.95,"lower_bound":-0.0018326252197374826,"upper_bound":-0.00023054212172957111},"point_estimate":-0.0010027834577551742,"standard_error":0.0004121495981936629}}