{"mean":{"confidence_interval":{"confidence_level":0.95,"lower_bound":-0.009388132320460407,"upper_bound":-0.0052125664446212505},"point_estimate":-0.007241313099427882,"standard_error":0.0010654405168730881},"median":{"confidence_interval":{"confidence_level":0.95,"lower_bound":-0.007818190871799024,"upper_bound":-0.002428282411843896},"point_estimate":-0.004459518977741994,"standard_error":0.0012744539014642104}}