{"mean":{"confidence_interval":{"confidence_level":0.95,"lower_bound":-0.04274116198831761,"upper_bound":-0.040743046836233594},"point_estimate":-0.0417433712748807,"standard_error":0.0005076312952655052},"median":{"confidence_interval":{"confidence_level":0.95,"lower_bound":-0.04229461043983996,"upper_bound":-0.039802201230881296},"point_estimate":-0.041012644077511595,"standard_error":0.0005976083965930141}}