{"mean":{"confidence_interval":{"confidence_level":0.95,"lower_bound":-0.013215131126930907,"upper_bound":-0.007773653292005403},"point_estimate":-0.01011365328741698,"standard_error":0.0013986981359896096},"median":{"confidence_interval":{"confidence_level":0.95,"lower_bound":-0.009610741849555016,"upper_bound":-0.006520351165283897},"point_estimate":-0.00800695913866234,"standard_error":0.0008097257032832272}}