{"mean":{"confidence_interval":{"confidence_level":0.95,"lower_bound":0.0021217019911263625,"upper_bound":0.004168168862424092},"point_estimate":0.0031172189075561185,"standard_error":0.0005190799496311927},"median":{"confidence_interval":{"confidence_level":0.95,"lower_bound":0.0011791955669897547,"upper_bound":0.004544053746272091},"point_estimate":0.0037392212746705233,"standard_error":0.0008696255168690874}}