{"mean":{"confidence_interval":{"confidence_level":0.95,"lower_bound":-0.015994519900238164,"upper_bound":-0.010628398540062107},"point_estimate":-0.013283067497771972,"standard_error":0.0013651809374567447},"median":{"confidence_interval":{"confidence_level":0.95,"lower_bound":-0.017901102502299593,"upper_bound":-0.013198760385981103},"point_estimate":-0.015696434717377583,"standard_error":0.0011114435658710418}}