{"mean":{"confidence_interval":{"confidence_level":0.95,"lower_bound":0.19733357961933382,"upper_bound":0.20080154029817032},"point_estimate":0.199146586749831,"standard_error":0.0008850755114828973},"median":{"confidence_interval":{"confidence_level":0.95,"lower_bound":0.1959233926373498,"upper_bound":0.19997428096072056},"point_estimate":0.19812696754232895,"standard_error":0.0010435335478451234}}