{"mean":{"confidence_interval":{"confidence_level":0.95,"lower_bound":-0.014690571944032355,"upper_bound":-0.009161845990940169},"point_estimate":-0.011383586493979858,"standard_error":0.0014686004334095242},"median":{"confidence_interval":{"confidence_level":0.95,"lower_bound":-0.012299919793612113,"upper_bound":-0.00854842622763674},"point_estimate":-0.010674849633246386,"standard_error":0.0009321466186449317}}