{"mean":{"confidence_interval":{"confidence_level":0.95,"lower_bound":0.1782961449739525,"upper_bound":0.18357458060295373},"point_estimate":0.18102191428576586,"standard_error":0.0013481601435167288},"median":{"confidence_interval":{"confidence_level":0.95,"lower_bound":0.1782851522165647,"upper_bound":0.1825212510450676},"point_estimate":0.18025734393219417,"standard_error":0.0010563496285755447}}