{"mean":{"confidence_interval":{"confidence_level":0.95,"lower_bound":-0.16677458876702003,"upper_bound":-0.16089328492988542},"point_estimate":-0.16392495696051934,"standard_error":0.00149517394911458},"median":{"confidence_interval":{"confidence_level":0.95,"lower_bound":-0.16739441292672586,"upper_bound":-0.16177023265262813},"point_estimate":-0.16316818223535468,"standard_error":0.00180131178048925}}