{"mean":{"confidence_interval":{"confidence_level":0.95,"lower_bound":-0.006974626977588108,"upper_bound":-0.004091614675456956},"point_estimate":-0.005578228040531541,"standard_error":0.000732893123116767},"median":{"confidence_interval":{"confidence_level":0.95,"lower_bound":-0.006998865544168953,"upper_bound":-0.0035225388956034104},"point_estimate":-0.005465492445946296,"standard_error":0.0008832851895942824}}