{"mean":{"confidence_interval":{"confidence_level":0.95,"lower_bound":0.014861755768015029,"upper_bound":0.01702413666051128},"point_estimate":0.0159437589116751,"standard_error":0.0005510849758314423},"median":{"confidence_interval":{"confidence_level":0.95,"lower_bound":0.01496223063643698,"upper_bound":0.017351489635651744},"point_estimate":0.016021705242601714,"standard_error":0.0006465368792730568}}