{"mean":{"confidence_interval":{"confidence_level":0.95,"lower_bound":-0.006358613733859067,"upper_bound":-0.0038324936726091595},"point_estimate":-0.005007494961865588,"standard_error":0.0006409564536058586},"median":{"confidence_interval":{"confidence_level":0.95,"lower_bound":-0.007108299140304863,"upper_bound":-0.004415070942105359},"point_estimate":-0.005598715917519703,"standard_error":0.000719773104148259}}