{"mean":{"confidence_interval":{"confidence_level":0.95,"lower_bound":0.02895388604570756,"upper_bound":0.03217398424516129},"point_estimate":0.030508775502056773,"standard_error":0.0008355460936168512},"median":{"confidence_interval":{"confidence_level":0.95,"lower_bound":0.026958471390022005,"upper_bound":0.02978240760519668},"point_estimate":0.028523831943150446,"standard_error":0.0007111258302156229}}