{"mean":{"confidence_interval":{"confidence_level":0.95,"lower_bound":0.03420789769226082,"upper_bound":0.04082751529599222},"point_estimate":0.03768256739425002,"standard_error":0.00168198783546817},"median":{"confidence_interval":{"confidence_level":0.95,"lower_bound":0.039161690067142985,"upper_bound":0.04255354626253616},"point_estimate":0.040981612781051835,"standard_error":0.0008405323957232038}}