{"mean":{"confidence_interval":{"confidence_level":0.95,"lower_bound":0.007290093699456796,"upper_bound":0.013662827061680165},"point_estimate":0.010330286639711472,"standard_error":0.0016228758381126944},"median":{"confidence_interval":{"confidence_level":0.95,"lower_bound":0.00791895009399779,"upper_bound":0.012906156720719597},"point_estimate":0.010482830731165516,"standard_error":0.0013687917243514144}}