{"mean":{"confidence_interval":{"confidence_level":0.95,"lower_bound":10367.03835383842,"upper_bound":10615.487039271919},"point_estimate":10469.921224098469,"standard_error":65.53630882510956},"median":{"confidence_interval":{"confidence_level":0.95,"lower_bound":10325.141745780591,"upper_bound":10357.774077868853},"point_estimate":10337.482549221611,"standard_error":9.197333998374605},"median_abs_dev":{"confidence_interval":{"confidence_level":0.95,"lower_bound":52.66789896829304,"upper_bound":92.98286744887379},"point_estimate":77.86314414707789,"standard_error":10.774336686393987},"slope":{"confidence_interval":{"confidence_level":0.95,"lower_bound":10360.176200044709,"upper_bound":10481.450212471138},"point_estimate":10411.49211368898,"standard_error":31.307945531695548},"std_dev":{"confidence_interval":{"confidence_level":0.95,"lower_bound":110.73741449890915,"upper_bound":1015.5729623525028},"point_estimate":656.1281000524664,"standard_error":246.07105515962954}}