{"mean":{"confidence_interval":{"confidence_level":0.95,"lower_bound":-0.08269805745779853,"upper_bound":-0.058405322366633664},"point_estimate":-0.07085244123102086,"standard_error":0.006205975910369493},"median":{"confidence_interval":{"confidence_level":0.95,"lower_bound":-0.09979930725280395,"upper_bound":-0.062411131473857906},"point_estimate":-0.08277507685349172,"standard_error":0.00883532994746493}}