{"mean":{"confidence_interval":{"confidence_level":0.95,"lower_bound":-0.15936439041632236,"upper_bound":-0.14073092946581808},"point_estimate":-0.14988856385229254,"standard_error":0.004753634280797568},"median":{"confidence_interval":{"confidence_level":0.95,"lower_bound":-0.13678673285446463,"upper_bound":-0.12411196932903878},"point_estimate":-0.1295670136959327,"standard_error":0.003256697973845689}}