{"mean":{"confidence_interval":{"confidence_level":0.95,"lower_bound":0.009699404188140389,"upper_bound":0.02687820762429832},"point_estimate":0.018270097259371676,"standard_error":0.004379445773126001},"median":{"confidence_interval":{"confidence_level":0.95,"lower_bound":0.014278282724128344,"upper_bound":0.04797753613330058},"point_estimate":0.039819495545054595,"standard_error":0.009914902230852122}}