{"mean":{"confidence_interval":{"confidence_level":0.95,"lower_bound":-0.04322432879299259,"upper_bound":-0.027921172182105176},"point_estimate":-0.035725263057740486,"standard_error":0.00389458830549021},"median":{"confidence_interval":{"confidence_level":0.95,"lower_bound":-0.04343145468667001,"upper_bound":-0.023179886483835954},"point_estimate":-0.03131191465303218,"standard_error":0.005051900844669947}}