{"mean":{"confidence_interval":{"confidence_level":0.95,"lower_bound":0.049574501669349826,"upper_bound":0.07728667707003495},"point_estimate":0.0641177421901693,"standard_error":0.007089535045277952},"median":{"confidence_interval":{"confidence_level":0.95,"lower_bound":0.07860689399542498,"upper_bound":0.09874582867757842},"point_estimate":0.09145573692742714,"standard_error":0.005331470811936101}}