{"mean":{"confidence_interval":{"confidence_level":0.95,"lower_bound":-0.0054621502468754635,"upper_bound":0.010871331938241132},"point_estimate":0.002723925518400616,"standard_error":0.004165035412286885},"median":{"confidence_interval":{"confidence_level":0.95,"lower_bound":-0.01921925382647316,"upper_bound":0.01897009441882136},"point_estimate":0.008330451404728434,"standard_error":0.010327484946684042}}