{"mean":{"confidence_interval":{"confidence_level":0.95,"lower_bound":0.021117949829409132,"upper_bound":0.038144712290849925},"point_estimate":0.02942717380930704,"standard_error":0.004318807662716758},"median":{"confidence_interval":{"confidence_level":0.95,"lower_bound":0.02238746829677794,"upper_bound":0.03907240150403979},"point_estimate":0.03191079298464983,"standard_error":0.004144308049309626}}