{"mean":{"confidence_interval":{"confidence_level":0.95,"lower_bound":-0.1959461208805678,"upper_bound":-0.18244348061169163},"point_estimate":-0.1888640622703659,"standard_error":0.0033932714816054567},"median":{"confidence_interval":{"confidence_level":0.95,"lower_bound":-0.2051022801325718,"upper_bound":-0.17550316391286813},"point_estimate":-0.19812341475684425,"standard_error":0.008210227211131014}}