{"mean":{"confidence_interval":{"confidence_level":0.95,"lower_bound":0.18695174332622472,"upper_bound":0.2044936306105018},"point_estimate":0.1955288261878263,"standard_error":0.0044770925596963225},"median":{"confidence_interval":{"confidence_level":0.95,"lower_bound":0.18053421144896098,"upper_bound":0.19912300826858664},"point_estimate":0.19074024963056435,"standard_error":0.004664868628054252}}