{"mean":{"confidence_interval":{"confidence_level":0.95,"lower_bound":-0.002712567939801907,"upper_bound":0.011956948462883242},"point_estimate":0.005033772292036165,"standard_error":0.0037529066342206177},"median":{"confidence_interval":{"confidence_level":0.95,"lower_bound":-0.0014896455031668844,"upper_bound":0.013675038939826578},"point_estimate":0.00421891424614107,"standard_error":0.0037464269160750346}}