{"mean":{"confidence_interval":{"confidence_level":0.95,"lower_bound":-0.045218622398353996,"upper_bound":-0.030353085510817515},"point_estimate":-0.03787087065022399,"standard_error":0.0037964902218543925},"median":{"confidence_interval":{"confidence_level":0.95,"lower_bound":-0.04264472199920655,"upper_bound":-0.022950011809517723},"point_estimate":-0.03553584492032813,"standard_error":0.005270380152507437}}