{"mean":{"confidence_interval":{"confidence_level":0.95,"lower_bound":0.005720768472801536,"upper_bound":0.02024396450944755},"point_estimate":0.013006891764403283,"standard_error":0.003713354510733906},"median":{"confidence_interval":{"confidence_level":0.95,"lower_bound":0.0010129875122166787,"upper_bound":0.020805007158354316},"point_estimate":0.011381606606247319,"standard_error":0.005076874626490931}}