{"mean":{"confidence_interval":{"confidence_level":0.95,"lower_bound":-0.0019959269603072307,"upper_bound":0.01450000270992912},"point_estimate":0.005912850805337655,"standard_error":0.004173980128518283},"median":{"confidence_interval":{"confidence_level":0.95,"lower_bound":-0.00711428486901232,"upper_bound":0.00821851963017792},"point_estimate":0.00157206751325778,"standard_error":0.0038077327744706732}}