{"mean":{"confidence_interval":{"confidence_level":0.95,"lower_bound":0.037050984861108895,"upper_bound":0.05457986088285678},"point_estimate":0.04600762474840292,"standard_error":0.0044843611443248855},"median":{"confidence_interval":{"confidence_level":0.95,"lower_bound":0.04806936071440715,"upper_bound":0.06727028990835282},"point_estimate":0.06049431005639527,"standard_error":0.004875677486786463}}