{"mean":{"confidence_interval":{"confidence_level":0.95,"lower_bound":-0.015250886432498547,"upper_bound":0.0044644960955162625},"point_estimate":-0.005171330269258756,"standard_error":0.005029958961497703},"median":{"confidence_interval":{"confidence_level":0.95,"lower_bound":-0.032367389333163854,"upper_bound":-0.009618531235103589},"point_estimate":-0.024006034791453357,"standard_error":0.005910975313195208}}