{"mean":{"confidence_interval":{"confidence_level":0.95,"lower_bound":-0.01765525792155157,"upper_bound":-0.0015582089563169973},"point_estimate":-0.009860404254778854,"standard_error":0.0040996156396806704},"median":{"confidence_interval":{"confidence_level":0.95,"lower_bound":-0.016323666914512924,"upper_bound":-0.0036642120819997404},"point_estimate":-0.010344944443047233,"standard_error":0.0030729507146392246}}