{"mean":{"confidence_interval":{"confidence_level":0.95,"lower_bound":0.0017438297683440745,"upper_bound":0.01838875982408061},"point_estimate":0.009862408815512591,"standard_error":0.0042438988769908995},"median":{"confidence_interval":{"confidence_level":0.95,"lower_bound":-0.015299053093104864,"upper_bound":0.018857539504746335},"point_estimate":-0.0060010178939798875,"standard_error":0.009581406621794896}}