{"mean":{"confidence_interval":{"confidence_level":0.95,"lower_bound":0.21864193550988473,"upper_bound":0.23986042608586391},"point_estimate":0.22934916068759592,"standard_error":0.005457280897036256},"median":{"confidence_interval":{"confidence_level":0.95,"lower_bound":0.213733093054149,"upper_bound":0.24062193642717356},"point_estimate":0.2306397666636122,"standard_error":0.007112249685269963}}