{"mean":{"confidence_interval":{"confidence_level":0.95,"lower_bound":-0.06109834654628066,"upper_bound":-0.045163081684891256},"point_estimate":-0.053583512062266525,"standard_error":0.004048211232216474},"median":{"confidence_interval":{"confidence_level":0.95,"lower_bound":-0.07083974802772175,"upper_bound":-0.05251447001234466},"point_estimate":-0.06319901895092284,"standard_error":0.00461229485406538}}