{"mean":{"confidence_interval":{"confidence_level":0.95,"lower_bound":0.004653571510648533,"upper_bound":0.020879500342045363},"point_estimate":0.012911012992050885,"standard_error":0.004139605571191399},"median":{"confidence_interval":{"confidence_level":0.95,"lower_bound":0.005349071466275419,"upper_bound":0.027303747570769626},"point_estimate":0.011159334352503825,"standard_error":0.005801379794277846}}