{"mean":{"confidence_interval":{"confidence_level":0.95,"lower_bound":-0.05561750150566853,"upper_bound":-0.03728744873441543},"point_estimate":-0.04661235171257394,"standard_error":0.004693496311991869},"median":{"confidence_interval":{"confidence_level":0.95,"lower_bound":-0.055025862985477625,"upper_bound":-0.037299652115531656},"point_estimate":-0.04846840847860445,"standard_error":0.00453745535310338}}