{"mean":{"confidence_interval":{"confidence_level":0.95,"lower_bound":-0.016657874756181638,"upper_bound":-0.0008874740421853255},"point_estimate":-0.008504614059911986,"standard_error":0.00404037568804801},"median":{"confidence_interval":{"confidence_level":0.95,"lower_bound":-0.01614109798328145,"upper_bound":0.0030588416588459566},"point_estimate":-0.0060754987374677105,"standard_error":0.004871685386209847}}