{"mean":{"confidence_interval":{"confidence_level":0.95,"lower_bound":29579.42806401246,"upper_bound":29628.14663102466},"point_estimate":29603.40724257908,"standard_error":12.403775697932321},"median":{"confidence_interval":{"confidence_level":0.95,"lower_bound":29566.11107634543,"upper_bound":29628.860952970987},"point_estimate":29599.85385472371,"standard_error":17.988506813904472},"median_abs_dev":{"confidence_interval":{"confidence_level":0.95,"lower_bound":89.32015703974062,"upper_bound":144.2429093509426},"point_estimate":116.660753071474,"standard_error":14.200568209387363},"slope":{"confidence_interval":{"confidence_level":0.95,"lower_bound":29576.655524775095,"upper_bound":29635.688988753653},"point_estimate":29604.89043585219,"standard_error":15.088926860872654},"std_dev":{"confidence_interval":{"confidence_level":0.95,"lower_bound":102.70456560413494,"upper_bound":144.77574087111677},"point_estimate":124.54448393379936,"standard_error":10.811471166242226}}