{"mean":{"confidence_interval":{"confidence_level":0.95,"lower_bound":41741.13667211229,"upper_bound":42670.40018697637},"point_estimate":42196.36389779964,"standard_error":236.79370745706564},"median":{"confidence_interval":{"confidence_level":0.95,"lower_bound":40581.40696347032,"upper_bound":41207.40046296296},"point_estimate":41055.388636363634,"standard_error":154.8498154134946},"median_abs_dev":{"confidence_interval":{"confidence_level":0.95,"lower_bound":580.7087317387728,"upper_bound":1353.2232071650303},"point_estimate":1100.116514677234,"standard_error":195.2938662121157},"slope":{"confidence_interval":{"confidence_level":0.95,"lower_bound":41312.623625562745,"upper_bound":42514.417230436076},"point_estimate":41886.37318826659,"standard_error":307.08829774608853},"std_dev":{"confidence_interval":{"confidence_level":0.95,"lower_bound":2100.459448599332,"upper_bound":2598.9477904301493},"point_estimate":2388.6558933565334,"standard_error":127.50042702359536}}