{"mean":{"confidence_interval":{"confidence_level":0.95,"lower_bound":262600.5607465347,"upper_bound":263359.9139415857},"point_estimate":262957.9611833674,"standard_error":194.41108929282234},"median":{"confidence_interval":{"confidence_level":0.95,"lower_bound":262542.63372093026,"upper_bound":263059.2341151515},"point_estimate":262895.5027777777,"standard_error":127.62313732481554},"median_abs_dev":{"confidence_interval":{"confidence_level":0.95,"lower_bound":744.6869609170768,"upper_bound":1495.282285914967},"point_estimate":1101.527302443983,"standard_error":204.0123458679716},"slope":{"confidence_interval":{"confidence_level":0.95,"lower_bound":262236.55068704934,"upper_bound":262826.73675805243},"point_estimate":262510.50013078173,"standard_error":150.67252865965403},"std_dev":{"confidence_interval":{"confidence_level":0.95,"lower_bound":1302.780535491519,"upper_bound":2486.574193260551},"point_estimate":1946.437080246572,"standard_error":303.26098993729465}}