{"mean":{"confidence_interval":{"confidence_level":0.95,"lower_bound":63985.35246349518,"upper_bound":64820.20465529604},"point_estimate":64398.11435272522,"standard_error":213.47856216883844},"median":{"confidence_interval":{"confidence_level":0.95,"lower_bound":63274.983723958336,"upper_bound":65061.96950301205},"point_estimate":64175.52877840909,"standard_error":461.7565482928223},"median_abs_dev":{"confidence_interval":{"confidence_level":0.95,"lower_bound":1714.4776155283298,"upper_bound":2834.109924718721},"point_estimate":1997.0505428207348,"standard_error":300.13875892697644},"slope":{"confidence_interval":{"confidence_level":0.95,"lower_bound":63784.46852798259,"upper_bound":64510.056797641824},"point_estimate":64146.46318309443,"standard_error":185.20671785451697},"std_dev":{"confidence_interval":{"confidence_level":0.95,"lower_bound":1862.0163909540363,"upper_bound":2416.908580839688},"point_estimate":2146.5740222353456,"standard_error":141.49959588421638}}