{"mean":{"confidence_interval":{"confidence_level":0.95,"lower_bound":77484.8758632654,"upper_bound":78044.977764399},"point_estimate":77760.22403543508,"standard_error":142.80556793309367},"median":{"confidence_interval":{"confidence_level":0.95,"lower_bound":77101.41758241758,"upper_bound":77584.36106750392},"point_estimate":77338.48965191544,"standard_error":123.8269809238587},"median_abs_dev":{"confidence_interval":{"confidence_level":0.95,"lower_bound":739.2443772041714,"upper_bound":1376.5417264000034},"point_estimate":1060.5092901099856,"standard_error":165.9256448139773},"slope":{"confidence_interval":{"confidence_level":0.95,"lower_bound":78188.56089287964,"upper_bound":78903.92440626414},"point_estimate":78561.55013493083,"standard_error":183.09314652027285},"std_dev":{"confidence_interval":{"confidence_level":0.95,"lower_bound":1220.5117062205875,"upper_bound":1626.0654420493365},"point_estimate":1439.9974851004017,"standard_error":103.31327574030327}}