{"mean":{"confidence_interval":{"confidence_level":0.95,"lower_bound":91551.64470926275,"upper_bound":91777.71093113365},"point_estimate":91662.346905862,"standard_error":57.48884697696128},"median":{"confidence_interval":{"confidence_level":0.95,"lower_bound":91445.93388429753,"upper_bound":91747.59635088108},"point_estimate":91600.96088198667,"standard_error":80.22109476164441},"median_abs_dev":{"confidence_interval":{"confidence_level":0.95,"lower_bound":411.0815471714232,"upper_bound":707.2386699769118},"point_estimate":547.6117149661858,"standard_error":75.29878148921577},"slope":{"confidence_interval":{"confidence_level":0.95,"lower_bound":91689.7297618484,"upper_bound":91960.05195746932},"point_estimate":91827.28241949568,"standard_error":68.95411367459889},"std_dev":{"confidence_interval":{"confidence_level":0.95,"lower_bound":490.41759649898097,"upper_bound":661.7688295747081},"point_estimate":580.2789248782085,"standard_error":43.763956490713944}}