{"mean":{"confidence_interval":{"confidence_level":0.95,"lower_bound":-0.01139609488974602,"upper_bound":-0.0044654874264758474},"point_estimate":-0.007943048974841327,"standard_error":0.001770272649610787},"median":{"confidence_interval":{"confidence_level":0.95,"lower_bound":-0.011433316590245934,"upper_bound":-0.0039257917420128675},"point_estimate":-0.006824352324210969,"standard_error":0.0019632027180123933}}