{"mean":{"confidence_interval":{"confidence_level":0.95,"lower_bound":-0.009735749187252889,"upper_bound":0.00045662217692134883},"point_estimate":-0.004975210576150135,"standard_error":0.0025637206916058735},"median":{"confidence_interval":{"confidence_level":0.95,"lower_bound":-0.009144152710187536,"upper_bound":-0.003988941737918306},"point_estimate":-0.00630110032362452,"standard_error":0.0012547866006908399}}