{"mean":{"confidence_interval":{"confidence_level":0.95,"lower_bound":-0.016805486220399915,"upper_bound":-0.010676080821162816},"point_estimate":-0.013714881341788665,"standard_error":0.0015618576219571237},"median":{"confidence_interval":{"confidence_level":0.95,"lower_bound":-0.015935828536061458,"upper_bound":-0.009454910741710322},"point_estimate":-0.013345697502035181,"standard_error":0.001693858607177223}}