{"mean":{"confidence_interval":{"confidence_level":0.95,"lower_bound":0.0012884399367656509,"upper_bound":0.004721290594808685},"point_estimate":0.002952175208198682,"standard_error":0.0008824212315100353},"median":{"confidence_interval":{"confidence_level":0.95,"lower_bound":0.0011887384868289885,"upper_bound":0.004486561742557349},"point_estimate":0.002728640558171236,"standard_error":0.0008210813117772366}}