{"mean":{"confidence_interval":{"confidence_level":0.95,"lower_bound":-0.00529140799936238,"upper_bound":0.0008215428965939351},"point_estimate":-0.0023596883297274385,"standard_error":0.0015666583246039191},"median":{"confidence_interval":{"confidence_level":0.95,"lower_bound":-0.001691332931755607,"upper_bound":-0.0005083901644690192},"point_estimate":-0.0010147837538893034,"standard_error":0.00029912741395602056}}