{"mean":{"confidence_interval":{"confidence_level":0.95,"lower_bound":-0.013555542198598067,"upper_bound":-0.004629438877704871},"point_estimate":-0.008392036082602972,"standard_error":0.0023045208129887306},"median":{"confidence_interval":{"confidence_level":0.95,"lower_bound":-0.005462868632667539,"upper_bound":-0.002177417863646445},"point_estimate":-0.003505307461056262,"standard_error":0.000924749083311308}}