{"mean":{"confidence_interval":{"confidence_level":0.95,"lower_bound":0.19068179211953878,"upper_bound":0.20120639912917315},"point_estimate":0.19550010054792155,"standard_error":0.002699955958098939},"median":{"confidence_interval":{"confidence_level":0.95,"lower_bound":0.18950331626037342,"upper_bound":0.19795131082901896},"point_estimate":0.19325162486106762,"standard_error":0.0021761699567772086}}