{"mean":{"confidence_interval":{"confidence_level":0.95,"lower_bound":-0.011687839579774614,"upper_bound":-0.0044748766005145305},"point_estimate":-0.008056196774884117,"standard_error":0.0018395283705666822},"median":{"confidence_interval":{"confidence_level":0.95,"lower_bound":-0.01365509690618369,"upper_bound":-0.003479342207353575},"point_estimate":-0.00819325435810725,"standard_error":0.0027295325741127758}}