{"mean":{"confidence_interval":{"confidence_level":0.95,"lower_bound":0.00029698766803479883,"upper_bound":0.008801229448369812},"point_estimate":0.004620173441700626,"standard_error":0.0021621707618334914},"median":{"confidence_interval":{"confidence_level":0.95,"lower_bound":0.001593742204638371,"upper_bound":0.0062459926246203334},"point_estimate":0.003011585041485132,"standard_error":0.0011426487315749285}}