{"mean":{"confidence_interval":{"confidence_level":0.95,"lower_bound":-0.013407491613271108,"upper_bound":-0.005658184131516872},"point_estimate":-0.008954669545112148,"standard_error":0.001990644465093494},"median":{"confidence_interval":{"confidence_level":0.95,"lower_bound":-0.011063239817439396,"upper_bound":-0.0028759000660650846},"point_estimate":-0.004768692796691787,"standard_error":0.0025017472420791015}}