{"mean":{"confidence_interval":{"confidence_level":0.95,"lower_bound":21078.458409785733,"upper_bound":21134.10851154867},"point_estimate":21106.152031638023,"standard_error":14.206608960822729},"median":{"confidence_interval":{"confidence_level":0.95,"lower_bound":21049.49486748787,"upper_bound":21133.650783038895},"point_estimate":21091.18015082144,"standard_error":22.937000598763916},"median_abs_dev":{"confidence_interval":{"confidence_level":0.95,"lower_bound":129.16349997961615,"upper_bound":203.7530484393971},"point_estimate":164.86640323857347,"standard_error":19.885616065181306},"slope":{"confidence_interval":{"confidence_level":0.95,"lower_bound":21154.5601350811,"upper_bound":21218.98654478499},"point_estimate":21188.15962037296,"standard_error":16.414512913660207},"std_dev":{"confidence_interval":{"confidence_level":0.95,"lower_bound":126.58097839080486,"upper_bound":156.99475908883966},"point_estimate":142.84113592605573,"standard_error":7.754694856735993}}