{"mean":{"confidence_interval":{"confidence_level":0.95,"lower_bound":17675.04769219128,"upper_bound":17728.06521945418},"point_estimate":17700.371493129653,"standard_error":13.550728404463149},"median":{"confidence_interval":{"confidence_level":0.95,"lower_bound":17655.34097265772,"upper_bound":17704.048645320196},"point_estimate":17671.731629720853,"standard_error":12.541649412029981},"median_abs_dev":{"confidence_interval":{"confidence_level":0.95,"lower_bound":71.59785408602653,"upper_bound":129.41244356108302},"point_estimate":100.23057915640972,"standard_error":14.413049696925102},"slope":{"confidence_interval":{"confidence_level":0.95,"lower_bound":17659.430007261857,"upper_bound":17697.41575978943},"point_estimate":17678.018987840147,"standard_error":9.687142274215176},"std_dev":{"confidence_interval":{"confidence_level":0.95,"lower_bound":102.14368311237513,"upper_bound":174.72902958876762},"point_estimate":136.50260330440747,"standard_error":19.31376367407673}}