{"mean":{"confidence_interval":{"confidence_level":0.95,"lower_bound":21192.326044013767,"upper_bound":21249.91064519465},"point_estimate":21219.158766014698,"standard_error":14.786386185696157},"median":{"confidence_interval":{"confidence_level":0.95,"lower_bound":21175.97685253118,"upper_bound":21196.078729425935},"point_estimate":21185.704118094618,"standard_error":6.016213849509169},"median_abs_dev":{"confidence_interval":{"confidence_level":0.95,"lower_bound":31.50594803762852,"upper_bound":57.08859376679989},"point_estimate":43.06786932375662,"standard_error":6.691550754049719},"slope":{"confidence_interval":{"confidence_level":0.95,"lower_bound":21166.61032385351,"upper_bound":21205.03413316516},"point_estimate":21185.531273105717,"standard_error":9.783802677814379},"std_dev":{"confidence_interval":{"confidence_level":0.95,"lower_bound":95.10675729204216,"upper_bound":194.17910071556145},"point_estimate":149.08913284390462,"standard_error":25.24091623742484}}