{"mean":{"confidence_interval":{"confidence_level":0.95,"lower_bound":17844.709222766327,"upper_bound":17938.04111800236},"point_estimate":17886.606753657226,"standard_error":23.91941746205599},"median":{"confidence_interval":{"confidence_level":0.95,"lower_bound":17822.103896103898,"upper_bound":17847.907882988722},"point_estimate":17836.14055078553,"standard_error":6.9864881465757085},"median_abs_dev":{"confidence_interval":{"confidence_level":0.95,"lower_bound":48.33129185279276,"upper_bound":88.78173793327822},"point_estimate":68.03800630432467,"standard_error":10.441335616866818},"slope":{"confidence_interval":{"confidence_level":0.95,"lower_bound":17830.909894874705,"upper_bound":17915.67505768113},"point_estimate":17867.420616911906,"standard_error":21.8194046251416},"std_dev":{"confidence_interval":{"confidence_level":0.95,"lower_bound":104.6847136510824,"upper_bound":341.05873231788496},"point_estimate":240.13162397991536,"standard_error":59.225942384501614}}