{"mean":{"confidence_interval":{"confidence_level":0.95,"lower_bound":0.026831738291424403,"upper_bound":0.03912663744034031},"point_estimate":0.03309336893698123,"standard_error":0.0031375943811288356},"median":{"confidence_interval":{"confidence_level":0.95,"lower_bound":0.02704404783387848,"upper_bound":0.039664692958800485},"point_estimate":0.035269800980028965,"standard_error":0.003272498021148376}}