{"mean":{"confidence_interval":{"confidence_level":0.95,"lower_bound":-0.015110235760065776,"upper_bound":0.009114905547720828},"point_estimate":-0.0027316725541796094,"standard_error":0.006156490216688003},"median":{"confidence_interval":{"confidence_level":0.95,"lower_bound":-0.01257193312886308,"upper_bound":0.013614966431453102},"point_estimate":0.0050581016120261335,"standard_error":0.0056518839521030135}}