{"mean":{"confidence_interval":{"confidence_level":0.95,"lower_bound":0.040488566384850454,"upper_bound":0.05711101567806251},"point_estimate":0.0484919316471637,"standard_error":0.004215593648606772},"median":{"confidence_interval":{"confidence_level":0.95,"lower_bound":0.03595695091277795,"upper_bound":0.05611013009615684},"point_estimate":0.04451415677071746,"standard_error":0.0052411976387046685}}