{"mean":{"confidence_interval":{"confidence_level":0.95,"lower_bound":-0.0042493378225310005,"upper_bound":0.012236487057695583},"point_estimate":0.0036314964588632925,"standard_error":0.004217042989904719},"median":{"confidence_interval":{"confidence_level":0.95,"lower_bound":-0.011310079060764866,"upper_bound":0.0016573596492175729},"point_estimate":-0.00515718315474778,"standard_error":0.003268553341667877}}