{"mean":{"confidence_interval":{"confidence_level":0.95,"lower_bound":0.13162579666201854,"upper_bound":0.15121009968042978},"point_estimate":0.14144326532529772,"standard_error":0.004984806329390547},"median":{"confidence_interval":{"confidence_level":0.95,"lower_bound":0.1278603422714819,"upper_bound":0.14571325007066216},"point_estimate":0.13737385234212152,"standard_error":0.004559226861772902}}