{"mean":{"confidence_interval":{"confidence_level":0.95,"lower_bound":-0.02858874517048642,"upper_bound":-0.0163442641799438},"point_estimate":-0.022330482093975812,"standard_error":0.003117738487846358},"median":{"confidence_interval":{"confidence_level":0.95,"lower_bound":-0.0263719301870442,"upper_bound":-0.01411684040948391},"point_estimate":-0.019636319442067784,"standard_error":0.003245775809522526}}