{"mean":{"confidence_interval":{"confidence_level":0.95,"lower_bound":0.00967185811720335,"upper_bound":0.023796188668385385},"point_estimate":0.016289880780468557,"standard_error":0.003629036500001902},"median":{"confidence_interval":{"confidence_level":0.95,"lower_bound":0.012604434757957694,"upper_bound":0.023253604402989847},"point_estimate":0.018887540981785245,"standard_error":0.0027812910310554464}}