{"mean":{"confidence_interval":{"confidence_level":0.95,"lower_bound":-0.03377764809649167,"upper_bound":-0.012815667540064345},"point_estimate":-0.02375632688827234,"standard_error":0.005360027013046585},"median":{"confidence_interval":{"confidence_level":0.95,"lower_bound":-0.01746065268418128,"upper_bound":0.008469834186728864},"point_estimate":-0.012150569543946887,"standard_error":0.007540699984455574}}