{"mean":{"confidence_interval":{"confidence_level":0.95,"lower_bound":-0.26595673762910527,"upper_bound":-0.2344019658949676},"point_estimate":-0.2503405697077755,"standard_error":0.008128663214289832},"median":{"confidence_interval":{"confidence_level":0.95,"lower_bound":-0.34082555558454974,"upper_bound":-0.18374064146441071},"point_estimate":-0.223373965208157,"standard_error":0.06306408680214369}}