{"mean":{"confidence_interval":{"confidence_level":0.95,"lower_bound":0.0566176363710186,"upper_bound":0.07480795126882599},"point_estimate":0.06564954658130451,"standard_error":0.004650514204185551},"median":{"confidence_interval":{"confidence_level":0.95,"lower_bound":0.053341833651150417,"upper_bound":0.0977287320752922},"point_estimate":0.06914349050435975,"standard_error":0.011074511972603998}}