{"mean":{"confidence_interval":{"confidence_level":0.95,"lower_bound":-0.15586911322409672,"upper_bound":-0.13546219316446614},"point_estimate":-0.14619494701770164,"standard_error":0.005174243981953779},"median":{"confidence_interval":{"confidence_level":0.95,"lower_bound":-0.16300336232862933,"upper_bound":-0.13817941315633286},"point_estimate":-0.1547561659950627,"standard_error":0.00573784485947869}}