{"mean":{"confidence_interval":{"confidence_level":0.95,"lower_bound":0.06304400690000124,"upper_bound":0.0815651453273727},"point_estimate":0.07204779843874554,"standard_error":0.004752915551624942},"median":{"confidence_interval":{"confidence_level":0.95,"lower_bound":0.07944171561639357,"upper_bound":0.09194707092896826},"point_estimate":0.08755529829659214,"standard_error":0.0033017504886609325}}