{"mean":{"confidence_interval":{"confidence_level":0.95,"lower_bound":0.18674989380123772,"upper_bound":0.20272137124284173},"point_estimate":0.19441413652601214,"standard_error":0.004071622341977718},"median":{"confidence_interval":{"confidence_level":0.95,"lower_bound":0.16884149299726037,"upper_bound":0.17797370616304864},"point_estimate":0.17297851387195107,"standard_error":0.002343032906639555}}