{"mean":{"confidence_interval":{"confidence_level":0.95,"lower_bound":0.08029258290887525,"upper_bound":0.12839403074454553},"point_estimate":0.10398742401723182,"standard_error":0.012282890367381387},"median":{"confidence_interval":{"confidence_level":0.95,"lower_bound":-0.004800882143656371,"upper_bound":0.23414183536141464},"point_estimate":0.04622565195115835,"standard_error":0.09505865561667483}}