{"mean":{"confidence_interval":{"confidence_level":0.95,"lower_bound":-0.022586874257982153,"upper_bound":-0.0040880172695627204},"point_estimate":-0.013369776307562864,"standard_error":0.00472535022676053},"median":{"confidence_interval":{"confidence_level":0.95,"lower_bound":-0.021651007251145216,"upper_bound":-0.01185242534927311},"point_estimate":-0.018030808343973304,"standard_error":0.00246553381743478}}