{"mean":{"confidence_interval":{"confidence_level":0.95,"lower_bound":-0.156951602424325,"upper_bound":-0.13768730350347202},"point_estimate":-0.14754245145479594,"standard_error":0.004934007584370466},"median":{"confidence_interval":{"confidence_level":0.95,"lower_bound":-0.14345502297072565,"upper_bound":-0.1274105162878867},"point_estimate":-0.13693821922461624,"standard_error":0.0041281247292065965}}