{"mean":{"confidence_interval":{"confidence_level":0.95,"lower_bound":0.03190468670171337,"upper_bound":0.05147275453377269},"point_estimate":0.04120998450131874,"standard_error":0.0049846826782333825},"median":{"confidence_interval":{"confidence_level":0.95,"lower_bound":0.03305566882049993,"upper_bound":0.05227427112602112},"point_estimate":0.04035069758256382,"standard_error":0.004880025010283399}}