{"mean":{"confidence_interval":{"confidence_level":0.95,"lower_bound":-0.03875885434516409,"upper_bound":-0.02465813273812305},"point_estimate":-0.031815463547772205,"standard_error":0.003586719335000499},"median":{"confidence_interval":{"confidence_level":0.95,"lower_bound":-0.04552934936595876,"upper_bound":-0.029660479926527872},"point_estimate":-0.038100136638607784,"standard_error":0.003968661630777033}}