{"mean":{"confidence_interval":{"confidence_level":0.95,"lower_bound":-0.019056150584373287,"upper_bound":0.0010561892593036301},"point_estimate":-0.009107654248186048,"standard_error":0.005122240555538805},"median":{"confidence_interval":{"confidence_level":0.95,"lower_bound":-0.041742644755319525,"upper_bound":-0.012615359909627366},"point_estimate":-0.021210032826585512,"standard_error":0.007854244429195937}}