{"mean":{"confidence_interval":{"confidence_level":0.95,"lower_bound":-0.03060190286709019,"upper_bound":-0.014787572016546985},"point_estimate":-0.022792206483265742,"standard_error":0.004063076206707895},"median":{"confidence_interval":{"confidence_level":0.95,"lower_bound":-0.024583851951391122,"upper_bound":-0.01335573421008675},"point_estimate":-0.016885589196300566,"standard_error":0.003883418446507369}}