{"mean":{"confidence_interval":{"confidence_level":0.95,"lower_bound":-0.017664613303308447,"upper_bound":-0.00332920574920903},"point_estimate":-0.010629567070594703,"standard_error":0.0036507391985023366},"median":{"confidence_interval":{"confidence_level":0.95,"lower_bound":-0.010446973791504388,"upper_bound":0.00676710416276971},"point_estimate":-0.0008057304720128222,"standard_error":0.0043350022572105195}}