{"mean":{"confidence_interval":{"confidence_level":0.95,"lower_bound":0.19625362749995562,"upper_bound":0.2158330573804385},"point_estimate":0.20629986771660658,"standard_error":0.0049990196979930145},"median":{"confidence_interval":{"confidence_level":0.95,"lower_bound":0.19677854881160228,"upper_bound":0.21383609482128896},"point_estimate":0.20660351811017263,"standard_error":0.004539735293876073}}