{"mean":{"confidence_interval":{"confidence_level":0.95,"lower_bound":-0.013411537242643906,"upper_bound":-0.003066979290355376},"point_estimate":-0.008324588542653943,"standard_error":0.002634115674500553},"median":{"confidence_interval":{"confidence_level":0.95,"lower_bound":-0.014292482374104618,"upper_bound":-0.0018190225180803044},"point_estimate":-0.008637191968278057,"standard_error":0.003113793159275867}}