{"mean":{"confidence_interval":{"confidence_level":0.95,"lower_bound":-0.004170296062925676,"upper_bound":0.0026414444289446985},"point_estimate":-0.0009009360595739757,"standard_error":0.0017146793141025675},"median":{"confidence_interval":{"confidence_level":0.95,"lower_bound":-0.006443512967207243,"upper_bound":0.006685252487218074},"point_estimate":-0.00002355558667455071,"standard_error":0.003359595336167442}}