{"mean":{"confidence_interval":{"confidence_level":0.95,"lower_bound":-0.022434431453338077,"upper_bound":-0.014884121559952494},"point_estimate":-0.018683251386555577,"standard_error":0.0019234831603646052},"median":{"confidence_interval":{"confidence_level":0.95,"lower_bound":-0.026887876312243597,"upper_bound":-0.014077578199033436},"point_estimate":-0.019099042817709355,"standard_error":0.003491592138041621}}