{"mean":{"confidence_interval":{"confidence_level":0.95,"lower_bound":0.00318081749219582,"upper_bound":0.015387832081259272},"point_estimate":0.008956667166964305,"standard_error":0.0030961540566360963},"median":{"confidence_interval":{"confidence_level":0.95,"lower_bound":-0.0024645394698704637,"upper_bound":0.012682183650017276},"point_estimate":0.004443646975594628,"standard_error":0.0038929244010888747}}