{"mean":{"confidence_interval":{"confidence_level":0.95,"lower_bound":0.15770094446931623,"upper_bound":0.1725119502763742},"point_estimate":0.16493783350509061,"standard_error":0.0037842702126064253},"median":{"confidence_interval":{"confidence_level":0.95,"lower_bound":0.15382776191593361,"upper_bound":0.16963054934831567},"point_estimate":0.16120612531804235,"standard_error":0.0038545872399715444}}