{"mean":{"confidence_interval":{"confidence_level":0.95,"lower_bound":0.15433523076343636,"upper_bound":0.16644783040253044},"point_estimate":0.16057237493062604,"standard_error":0.0031074978510846015},"median":{"confidence_interval":{"confidence_level":0.95,"lower_bound":0.1536048633332312,"upper_bound":0.1740986689536185},"point_estimate":0.16272305996070902,"standard_error":0.005178355577494963}}