{"mean":{"confidence_interval":{"confidence_level":0.95,"lower_bound":-0.040343048349881776,"upper_bound":-0.02541968463320707},"point_estimate":-0.03278927674267407,"standard_error":0.0038045224311085346},"median":{"confidence_interval":{"confidence_level":0.95,"lower_bound":-0.03628973161103988,"upper_bound":-0.02058748851411431},"point_estimate":-0.02731675108152498,"standard_error":0.0040108273273666145}}