{"mean":{"confidence_interval":{"confidence_level":0.95,"lower_bound":0.14452804299291833,"upper_bound":0.16020377329195962},"point_estimate":0.15223360116946516,"standard_error":0.003996139486309044},"median":{"confidence_interval":{"confidence_level":0.95,"lower_bound":0.14638729415336638,"upper_bound":0.1647363162287543},"point_estimate":0.15708745875069074,"standard_error":0.004755195360569287}}