{"mean":{"confidence_interval":{"confidence_level":0.95,"lower_bound":-0.1494070175537281,"upper_bound":-0.14213277400277774},"point_estimate":-0.14572543324570186,"standard_error":0.0018550545759410098},"median":{"confidence_interval":{"confidence_level":0.95,"lower_bound":-0.15016074150127579,"upper_bound":-0.13796423369456656},"point_estimate":-0.14470648021148047,"standard_error":0.0031486146274134407}}