{"mean":{"confidence_interval":{"confidence_level":0.95,"lower_bound":-0.003709154334970912,"upper_bound":-0.002015655049898979},"point_estimate":-0.002828111032427749,"standard_error":0.0004323016471261778},"median":{"confidence_interval":{"confidence_level":0.95,"lower_bound":-0.003216365319182346,"upper_bound":-0.0014225312366007437},"point_estimate":-0.002125281796501177,"standard_error":0.0004983766962647821}}