{"mean":{"confidence_interval":{"confidence_level":0.95,"lower_bound":-0.0010086842690063547,"upper_bound":-0.00045652111442949235},"point_estimate":-0.0007377719983457931,"standard_error":0.0001402361155795325},"median":{"confidence_interval":{"confidence_level":0.95,"lower_bound":-0.0011037705136481835,"upper_bound":-0.0007901048617098283},"point_estimate":-0.0009140363613895364,"standard_error":0.00008854913400240715}}