{"mean":{"confidence_interval":{"confidence_level":0.95,"lower_bound":-0.005243987524583776,"upper_bound":-0.0028452141450434516},"point_estimate":-0.004035411540945,"standard_error":0.0006151257581666388},"median":{"confidence_interval":{"confidence_level":0.95,"lower_bound":-0.005681020642120838,"upper_bound":-0.003093042039573092},"point_estimate":-0.004425701917818214,"standard_error":0.0006492938975567145}}