{"mean":{"confidence_interval":{"confidence_level":0.95,"lower_bound":0.19714924461151692,"upper_bound":0.20535958483825353},"point_estimate":0.20016230237080634,"standard_error":0.0020320668532619853},"median":{"confidence_interval":{"confidence_level":0.95,"lower_bound":0.19517437131599902,"upper_bound":0.19932005886465554},"point_estimate":0.1971207696312598,"standard_error":0.0010806315229877237}}