{"mean":{"confidence_interval":{"confidence_level":0.95,"lower_bound":-0.0006428380669282332,"upper_bound":0.0003634203523135145},"point_estimate":-0.00014855590892326465,"standard_error":0.0002548741284911381},"median":{"confidence_interval":{"confidence_level":0.95,"lower_bound":-0.0004904960717629914,"upper_bound":0.00010488900818894642},"point_estimate":-0.0002043665221450608,"standard_error":0.00016537084917856693}}