{"mean":{"confidence_interval":{"confidence_level":0.95,"lower_bound":-0.025272542516257,"upper_bound":-0.016898177627469962},"point_estimate":-0.020889514615218263,"standard_error":0.0021381283568831654},"median":{"confidence_interval":{"confidence_level":0.95,"lower_bound":-0.021684686007116816,"upper_bound":-0.013482366097134268},"point_estimate":-0.01785460379635928,"standard_error":0.002034275639622468}}