{"mean":{"confidence_interval":{"confidence_level":0.95,"lower_bound":-0.001936014617413323,"upper_bound":-0.0000871307014755381},"point_estimate":-0.0008241681072382878,"standard_error":0.0004852938236485915},"median":{"confidence_interval":{"confidence_level":0.95,"lower_bound":-0.0004971158043409751,"upper_bound":-0.000050954390170998565},"point_estimate":-0.000300454314568932,"standard_error":0.00011369500148750274}}