{"mean":{"confidence_interval":{"confidence_level":0.95,"lower_bound":-0.00037329249106531336,"upper_bound":0.0014945569036680928},"point_estimate":0.0004916205126002104,"standard_error":0.00047203214990364375},"median":{"confidence_interval":{"confidence_level":0.95,"lower_bound":-0.0012749457764253957,"upper_bound":0.0011934244095132176},"point_estimate":-0.00020461747468170088,"standard_error":0.0006403787730515753}}