{"mean":{"confidence_interval":{"confidence_level":0.95,"lower_bound":-0.0008671195637573875,"upper_bound":-0.00006269343717929822},"point_estimate":-0.0004453859246646985,"standard_error":0.00020595083569850805},"median":{"confidence_interval":{"confidence_level":0.95,"lower_bound":-0.000509968305734243,"upper_bound":0.00023346684719127708},"point_estimate":-0.00014009094013123224,"standard_error":0.00018566033504675773}}