{"mean":{"confidence_interval":{"confidence_level":0.95,"lower_bound":53714.03804340808,"upper_bound":56005.72111947034},"point_estimate":54849.73983217156,"standard_error":583.7009928111634},"median":{"confidence_interval":{"confidence_level":0.95,"lower_bound":51546.46381578947,"upper_bound":57216.31286549708},"point_estimate":54643.81358568836,"standard_error":1476.851222481756},"median_abs_dev":{"confidence_interval":{"confidence_level":0.95,"lower_bound":5273.214442720406,"upper_bound":9384.934977189272},"point_estimate":8311.211179677632,"standard_error":958.7598285538907},"slope":{"confidence_interval":{"confidence_level":0.95,"lower_bound":55488.47911928527,"upper_bound":58279.23114001148},"point_estimate":56890.761274606644,"standard_error":714.6783870046377},"std_dev":{"confidence_interval":{"confidence_level":0.95,"lower_bound":5329.187413600743,"upper_bound":6313.987997529315},"point_estimate":5863.149684188219,"standard_error":250.82814661309814}}