{"mean":{"confidence_interval":{"confidence_level":0.95,"lower_bound":16847.240882622118,"upper_bound":16891.68102450982},"point_estimate":16868.45612019802,"standard_error":11.422806617800235},"median":{"confidence_interval":{"confidence_level":0.95,"lower_bound":16823.66766367564,"upper_bound":16875.856641702798},"point_estimate":16849.71614420951,"standard_error":13.666854233388314},"median_abs_dev":{"confidence_interval":{"confidence_level":0.95,"lower_bound":65.60255646084315,"upper_bound":113.69929510961782},"point_estimate":87.59436737266239,"standard_error":12.99926961570953},"slope":{"confidence_interval":{"confidence_level":0.95,"lower_bound":16842.971904588532,"upper_bound":16885.843114031417},"point_estimate":16863.851502631165,"standard_error":10.904402284559481},"std_dev":{"confidence_interval":{"confidence_level":0.95,"lower_bound":83.52416414833216,"upper_bound":144.99430966142873},"point_estimate":114.68251118890132,"standard_error":15.846348932468377}}