{"mean":{"confidence_interval":{"confidence_level":0.95,"lower_bound":0.15464791863299493,"upper_bound":0.19663229780476219},"point_estimate":0.17540418320111906,"standard_error":0.010756499100300137},"median":{"confidence_interval":{"confidence_level":0.95,"lower_bound":0.16286436899934253,"upper_bound":0.1803041183256029},"point_estimate":0.17181810872157177,"standard_error":0.004548642419387159}}