{"mean":{"confidence_interval":{"confidence_level":0.95,"lower_bound":-0.09366482297064053,"upper_bound":-0.06826651759364073},"point_estimate":-0.08130958404128985,"standard_error":0.006691209707789188},"median":{"confidence_interval":{"confidence_level":0.95,"lower_bound":-0.09827744888681589,"upper_bound":-0.0903998894416095},"point_estimate":-0.09475150374144792,"standard_error":0.0020624905722184195}}