{"mean":{"confidence_interval":{"confidence_level":0.95,"lower_bound":-0.36694652253589244,"upper_bound":-0.3426374094720595},"point_estimate":-0.3550466087808335,"standard_error":0.006232087221955601},"median":{"confidence_interval":{"confidence_level":0.95,"lower_bound":-0.3644913680215864,"upper_bound":-0.3557939833012719},"point_estimate":-0.3599289775337431,"standard_error":0.0023166695778443973}}