{"mean":{"confidence_interval":{"confidence_level":0.95,"lower_bound":0.5824084690531806,"upper_bound":0.5958145022037221},"point_estimate":0.5893719611094907,"standard_error":0.00341393297141934},"median":{"confidence_interval":{"confidence_level":0.95,"lower_bound":0.5861692192084305,"upper_bound":0.5951458430148526},"point_estimate":0.5906673519132395,"standard_error":0.0023245115630645607}}