{"mean":{"confidence_interval":{"confidence_level":0.95,"lower_bound":0.555062766148904,"upper_bound":0.5629022415078695},"point_estimate":0.5592033100825706,"standard_error":0.00199586377511313},"median":{"confidence_interval":{"confidence_level":0.95,"lower_bound":0.5585543470252319,"upper_bound":0.5690849875735866},"point_estimate":0.563946576829615,"standard_error":0.002713199558016926}}