{"mean":{"confidence_interval":{"confidence_level":0.95,"lower_bound":0.3861464321031131,"upper_bound":0.4034159115082364},"point_estimate":0.3942824645777625,"standard_error":0.0044207229660655255},"median":{"confidence_interval":{"confidence_level":0.95,"lower_bound":0.3924643600348665,"upper_bound":0.42298639416393},"point_estimate":0.41044001889310366,"standard_error":0.00811815399871022}}