{"mean":{"confidence_interval":{"confidence_level":0.95,"lower_bound":-0.03923327161172045,"upper_bound":-0.034969214357667644},"point_estimate":-0.03709729067626677,"standard_error":0.0010956887793638155},"median":{"confidence_interval":{"confidence_level":0.95,"lower_bound":-0.04150446342177605,"upper_bound":-0.0363204821628301},"point_estimate":-0.03868171144789234,"standard_error":0.0012838526428659654}}