{"mean":{"confidence_interval":{"confidence_level":0.95,"lower_bound":0.03191870494870465,"upper_bound":0.043369819414141655},"point_estimate":0.0377393786868665,"standard_error":0.002923064847591003},"median":{"confidence_interval":{"confidence_level":0.95,"lower_bound":0.029104485153683468,"upper_bound":0.043630379729475637},"point_estimate":0.03743523058309739,"standard_error":0.003732665681837351}}