{"mean":{"confidence_interval":{"confidence_level":0.95,"lower_bound":0.11241899426208223,"upper_bound":0.12208514711377648},"point_estimate":0.11735792582286608,"standard_error":0.0024527088939191003},"median":{"confidence_interval":{"confidence_level":0.95,"lower_bound":0.11424995517580605,"upper_bound":0.12264675216635745},"point_estimate":0.11891175278978428,"standard_error":0.0021948257111983785}}