{"mean":{"confidence_interval":{"confidence_level":0.95,"lower_bound":-0.4158118682857184,"upper_bound":-0.40724402091535683},"point_estimate":-0.4118759974170598,"standard_error":0.002188121996724456},"median":{"confidence_interval":{"confidence_level":0.95,"lower_bound":-0.4152156946437049,"upper_bound":-0.41249620487812755},"point_estimate":-0.41382772625155273,"standard_error":0.0006905216379698132}}