{"mean":{"confidence_interval":{"confidence_level":0.95,"lower_bound":2.611158907929907,"upper_bound":2.720658263520322},"point_estimate":2.668317635203081,"standard_error":0.02796555096366152},"median":{"confidence_interval":{"confidence_level":0.95,"lower_bound":2.7639167851711073,"upper_bound":2.804218208573923},"point_estimate":2.782672518469663,"standard_error":0.010361089677620563}}