{"mean":{"confidence_interval":{"confidence_level":0.95,"lower_bound":3.765749721468418,"upper_bound":3.7914469906974193},"point_estimate":3.780511416345803,"standard_error":0.006624231844566031},"median":{"confidence_interval":{"confidence_level":0.95,"lower_bound":3.779482017078341,"upper_bound":3.794614421219528},"point_estimate":3.787470227610097,"standard_error":0.003646736513427728}}