{"mean":{"confidence_interval":{"confidence_level":0.95,"lower_bound":-0.022259280291333394,"upper_bound":0.00460057580379495},"point_estimate":-0.007370032464899201,"standard_error":0.006906473719893428},"median":{"confidence_interval":{"confidence_level":0.95,"lower_bound":-0.019125759798066078,"upper_bound":0.005344548925733106},"point_estimate":-0.012496366436386297,"standard_error":0.00704247188578729}}