{"mean":{"confidence_interval":{"confidence_level":0.95,"lower_bound":-0.04835298226911645,"upper_bound":-0.03919953698926975},"point_estimate":-0.043957384628274365,"standard_error":0.0022779649323374134},"median":{"confidence_interval":{"confidence_level":0.95,"lower_bound":-0.050475669405993906,"upper_bound":-0.044947988114433346},"point_estimate":-0.048460365173102926,"standard_error":0.0013742832172952202}}