{"mean":{"confidence_interval":{"confidence_level":0.95,"lower_bound":-0.21810965196379428,"upper_bound":-0.211323940870167},"point_estimate":-0.2149188358015387,"standard_error":0.0017168937191502668},"median":{"confidence_interval":{"confidence_level":0.95,"lower_bound":-0.21995356847179853,"upper_bound":-0.2131433895646233},"point_estimate":-0.2178145041816112,"standard_error":0.0018133462126600484}}