{"mean":{"confidence_interval":{"confidence_level":0.95,"lower_bound":-0.1589205868530059,"upper_bound":-0.14938945461645997},"point_estimate":-0.1544946378156261,"standard_error":0.0023948791810839065},"median":{"confidence_interval":{"confidence_level":0.95,"lower_bound":-0.1611277292974742,"upper_bound":-0.15661798842685892},"point_estimate":-0.1591830776185399,"standard_error":0.0011892224993799046}}