{"mean":{"confidence_interval":{"confidence_level":0.95,"lower_bound":-0.8432159602444431,"upper_bound":-0.8417588280415046},"point_estimate":-0.8424836167971963,"standard_error":0.0003692906248100054},"median":{"confidence_interval":{"confidence_level":0.95,"lower_bound":-0.8433876805344568,"upper_bound":-0.8421497337495624},"point_estimate":-0.8426670071491593,"standard_error":0.0003314296512136138}}