{"mean":{"confidence_interval":{"confidence_level":0.95,"lower_bound":0.002629327434257613,"upper_bound":0.009794168485762367},"point_estimate":0.006135256510535481,"standard_error":0.001826750612388195},"median":{"confidence_interval":{"confidence_level":0.95,"lower_bound":0.0032314622012195038,"upper_bound":0.011475087964247122},"point_estimate":0.0066318305859403015,"standard_error":0.0021932565817995207}}