{"mean":{"confidence_interval":{"confidence_level":0.95,"lower_bound":-0.00008917746219042865,"upper_bound":0.0031836478648269643},"point_estimate":0.0015914610304950116,"standard_error":0.0008297960065001907},"median":{"confidence_interval":{"confidence_level":0.95,"lower_bound":0.0020899094573620935,"upper_bound":0.003166617574865027},"point_estimate":0.0027712614549153525,"standard_error":0.00027408112001279817}}