{"mean":{"confidence_interval":{"confidence_level":0.95,"lower_bound":-0.012699679867789818,"upper_bound":-0.0012887527400716919},"point_estimate":-0.007032675731394544,"standard_error":0.0029215410597285977},"median":{"confidence_interval":{"confidence_level":0.95,"lower_bound":-0.013246981015094379,"upper_bound":-0.0033621629396737296},"point_estimate":-0.008296929480924309,"standard_error":0.002524141969485157}}