{"mean":{"confidence_interval":{"confidence_level":0.95,"lower_bound":-0.5269986750405508,"upper_bound":-0.5233392278961453},"point_estimate":-0.5251688105437993,"standard_error":0.0009370869286416033},"median":{"confidence_interval":{"confidence_level":0.95,"lower_bound":-0.5274465760978957,"upper_bound":-0.5232869185099422},"point_estimate":-0.5250401298996583,"standard_error":0.0010496086994789074}}