{"mean":{"confidence_interval":{"confidence_level":0.95,"lower_bound":0.25110713439248233,"upper_bound":0.2613900861549378},"point_estimate":0.2564861684653028,"standard_error":0.0026272456591292207},"median":{"confidence_interval":{"confidence_level":0.95,"lower_bound":0.2521747996656431,"upper_bound":0.26239900352025136},"point_estimate":0.2582041832041715,"standard_error":0.0026152226757096245}}