{"mean":{"confidence_interval":{"confidence_level":0.95,"lower_bound":-0.019087135414220247,"upper_bound":0.00951877820187811},"point_estimate":-0.004526436289137514,"standard_error":0.007360174060422687},"median":{"confidence_interval":{"confidence_level":0.95,"lower_bound":-0.01335839998162558,"upper_bound":0.04284876117594716},"point_estimate":0.033000785625371565,"standard_error":0.014072764815642255}}