{"mean":{"confidence_interval":{"confidence_level":0.95,"lower_bound":0.02036103826802091,"upper_bound":0.03425703638624863},"point_estimate":0.027426380056856825,"standard_error":0.003558014213837468},"median":{"confidence_interval":{"confidence_level":0.95,"lower_bound":0.01943206495371652,"upper_bound":0.039115657750672606},"point_estimate":0.030292350819239422,"standard_error":0.004888422161300078}}