{"mean":{"confidence_interval":{"confidence_level":0.95,"lower_bound":0.011340335651659667,"upper_bound":0.031316188740182424},"point_estimate":0.021000319906234965,"standard_error":0.005036446367255045},"median":{"confidence_interval":{"confidence_level":0.95,"lower_bound":-0.009709128956569169,"upper_bound":0.019145859846069202},"point_estimate":0.003721586215241768,"standard_error":0.007488424289103482}}