{"mean":{"confidence_interval":{"confidence_level":0.95,"lower_bound":0.0016860257620618887,"upper_bound":0.01914097547707753},"point_estimate":0.010360557978684737,"standard_error":0.004473695061545595},"median":{"confidence_interval":{"confidence_level":0.95,"lower_bound":-0.00893687515826258,"upper_bound":0.031205191462074566},"point_estimate":0.0073693347408945176,"standard_error":0.010039890026456232}}