{"mean":{"confidence_interval":{"confidence_level":0.95,"lower_bound":-0.0649172169042592,"upper_bound":-0.05320075508600674},"point_estimate":-0.05892826200237666,"standard_error":0.002975478570776057},"median":{"confidence_interval":{"confidence_level":0.95,"lower_bound":-0.06649852204589446,"upper_bound":-0.05503776043546723},"point_estimate":-0.05922557110263371,"standard_error":0.00296952086239962}}