{"mean":{"confidence_interval":{"confidence_level":0.95,"lower_bound":0.016532494168231177,"upper_bound":0.03140071410822031},"point_estimate":0.02389014125341893,"standard_error":0.003788479567203565},"median":{"confidence_interval":{"confidence_level":0.95,"lower_bound":0.019324634539414243,"upper_bound":0.03286362816798083},"point_estimate":0.024761007184741946,"standard_error":0.0035188062576113916}}