{"mean":{"confidence_interval":{"confidence_level":0.95,"lower_bound":0.1697471784634015,"upper_bound":0.1884853106931324},"point_estimate":0.17890446950580552,"standard_error":0.0047620861282064},"median":{"confidence_interval":{"confidence_level":0.95,"lower_bound":0.1708693233841141,"upper_bound":0.19098491442974974},"point_estimate":0.1816868729536767,"standard_error":0.005231473973107289}}