{"mean":{"confidence_interval":{"confidence_level":0.95,"lower_bound":0.013687047055407721,"upper_bound":0.04099901081093851},"point_estimate":0.027588746770517147,"standard_error":0.006969063968360018},"median":{"confidence_interval":{"confidence_level":0.95,"lower_bound":0.019125430233741747,"upper_bound":0.05605094982698766},"point_estimate":0.03842693110423778,"standard_error":0.00961194281502813}}