{"mean":{"confidence_interval":{"confidence_level":0.95,"lower_bound":-0.2031612350365248,"upper_bound":-0.18867508269397723},"point_estimate":-0.19593732728091062,"standard_error":0.003711487975435792},"median":{"confidence_interval":{"confidence_level":0.95,"lower_bound":-0.214450066144645,"upper_bound":-0.19794085965522312},"point_estimate":-0.2086087473288757,"standard_error":0.004190049444251173}}