{"mean":{"confidence_interval":{"confidence_level":0.95,"lower_bound":-0.040464486084587685,"upper_bound":-0.022847323522305184},"point_estimate":-0.031439866997984955,"standard_error":0.004484994682768709},"median":{"confidence_interval":{"confidence_level":0.95,"lower_bound":-0.040142194094277994,"upper_bound":-0.023573717860165266},"point_estimate":-0.031767611561654974,"standard_error":0.004041542187486053}}