{"mean":{"confidence_interval":{"confidence_level":0.95,"lower_bound":-0.007930277410312393,"upper_bound":0.01202401779913597},"point_estimate":0.0017958882556368128,"standard_error":0.005084975590474712},"median":{"confidence_interval":{"confidence_level":0.95,"lower_bound":-0.020198860816337934,"upper_bound":0.015672531960408076},"point_estimate":0.009611794854486266,"standard_error":0.009455591475838309}}