{"mean":{"confidence_interval":{"confidence_level":0.95,"lower_bound":-0.16052451568570955,"upper_bound":-0.14395812038369923},"point_estimate":-0.15232427934192683,"standard_error":0.004221472886490182},"median":{"confidence_interval":{"confidence_level":0.95,"lower_bound":-0.15329676091567845,"upper_bound":-0.1357000783417205},"point_estimate":-0.1447674693200196,"standard_error":0.004336336997030282}}