{"mean":{"confidence_interval":{"confidence_level":0.95,"lower_bound":-0.043378890204035125,"upper_bound":-0.02753992861922338},"point_estimate":-0.03571634244782729,"standard_error":0.004059103235058192},"median":{"confidence_interval":{"confidence_level":0.95,"lower_bound":-0.054615492542566924,"upper_bound":-0.036499825817666975},"point_estimate":-0.04723701664236335,"standard_error":0.004616717750177686}}