{"mean":{"confidence_interval":{"confidence_level":0.95,"lower_bound":-0.00919795188748002,"upper_bound":0.010673128567522222},"point_estimate":0.0010914266966572939,"standard_error":0.005068354848505006},"median":{"confidence_interval":{"confidence_level":0.95,"lower_bound":-0.0020021407912617084,"upper_bound":0.015112243220473331},"point_estimate":0.008287661516908962,"standard_error":0.004171501400793857}}