{"mean":{"confidence_interval":{"confidence_level":0.95,"lower_bound":0.03231175875198182,"upper_bound":0.0521913644718942},"point_estimate":0.04177637627049813,"standard_error":0.005052897080180847},"median":{"confidence_interval":{"confidence_level":0.95,"lower_bound":0.03759261402117775,"upper_bound":0.05874100298832108},"point_estimate":0.04555286883067544,"standard_error":0.005113829102673875}}