{"mean":{"confidence_interval":{"confidence_level":0.95,"lower_bound":-0.013857117589544303,"upper_bound":0.003276956251883393},"point_estimate":-0.005226709053947287,"standard_error":0.004379618428371453},"median":{"confidence_interval":{"confidence_level":0.95,"lower_bound":-0.0007868695817252001,"upper_bound":0.01632677499556734},"point_estimate":0.01063176590478987,"standard_error":0.004104325884068117}}