{"mean":{"confidence_interval":{"confidence_level":0.95,"lower_bound":0.2022138946932645,"upper_bound":0.22267674913459276},"point_estimate":0.2125628896631293,"standard_error":0.005240584552055858},"median":{"confidence_interval":{"confidence_level":0.95,"lower_bound":0.20039885944156546,"upper_bound":0.21918888530784897},"point_estimate":0.21422408465629061,"standard_error":0.0046387650072972336}}