{"mean":{"confidence_interval":{"confidence_level":0.95,"lower_bound":0.0028523920055601414,"upper_bound":0.03621822930061083},"point_estimate":0.019253582964100735,"standard_error":0.008522854098064614},"median":{"confidence_interval":{"confidence_level":0.95,"lower_bound":0.004290025529541719,"upper_bound":0.01946213409478381},"point_estimate":0.01219276224919108,"standard_error":0.004104995023458106}}