{"mean":{"confidence_interval":{"confidence_level":0.95,"lower_bound":0.02722198319091293,"upper_bound":0.04118752186242373},"point_estimate":0.03411935197638605,"standard_error":0.003583289269759056},"median":{"confidence_interval":{"confidence_level":0.95,"lower_bound":0.025918957580275404,"upper_bound":0.0413999219611314},"point_estimate":0.03375503832915716,"standard_error":0.0037656767383375373}}