{"mean":{"confidence_interval":{"confidence_level":0.95,"lower_bound":0.003988671476461242,"upper_bound":0.021962118147618743},"point_estimate":0.013067151350131923,"standard_error":0.004574098046461616},"median":{"confidence_interval":{"confidence_level":0.95,"lower_bound":0.0014217326007697206,"upper_bound":0.014888737348832167},"point_estimate":0.007520536853671045,"standard_error":0.0033632200566032374}}