{"mean":{"confidence_interval":{"confidence_level":0.95,"lower_bound":-0.015183050353638226,"upper_bound":-0.0004101864836553483},"point_estimate":-0.00769952560240883,"standard_error":0.0037658287398299106},"median":{"confidence_interval":{"confidence_level":0.95,"lower_bound":-0.006637623955104477,"upper_bound":0.013217969841510468},"point_estimate":0.0048860368620726735,"standard_error":0.004965065080947783}}