{"mean":{"confidence_interval":{"confidence_level":0.95,"lower_bound":-0.02388317864397791,"upper_bound":0.004069570236695595},"point_estimate":-0.010541656698712543,"standard_error":0.007150904003542477},"median":{"confidence_interval":{"confidence_level":0.95,"lower_bound":-0.051911816507405895,"upper_bound":-0.006967340405168221},"point_estimate":-0.03684601296782464,"standard_error":0.010657982866759551}}