{"mean":{"confidence_interval":{"confidence_level":0.95,"lower_bound":0.007237127446782299,"upper_bound":0.011472413069992365},"point_estimate":0.00925828359594405,"standard_error":0.0010826534596406559},"median":{"confidence_interval":{"confidence_level":0.95,"lower_bound":0.005694538814597694,"upper_bound":0.009287689946967381},"point_estimate":0.007606538382431749,"standard_error":0.0009520701028713028}}