{"mean":{"confidence_interval":{"confidence_level":0.95,"lower_bound":-0.03140216243743371,"upper_bound":-0.020179956432430948},"point_estimate":-0.02569221510281272,"standard_error":0.002863029509045543},"median":{"confidence_interval":{"confidence_level":0.95,"lower_bound":-0.022352480636818606,"upper_bound":-0.012317713262163799},"point_estimate":-0.01519503888280549,"standard_error":0.0027629919201172973}}