{"mean":{"confidence_interval":{"confidence_level":0.95,"lower_bound":-0.007913559200290427,"upper_bound":-0.0049119492097782465},"point_estimate":-0.006379185135355181,"standard_error":0.000766587018696101},"median":{"confidence_interval":{"confidence_level":0.95,"lower_bound":-0.007750482777705403,"upper_bound":-0.004840806768162786},"point_estimate":-0.006617549335354078,"standard_error":0.0007313766774976946}}