{"mean":{"confidence_interval":{"confidence_level":0.95,"lower_bound":-0.18337545782861828,"upper_bound":-0.18045829538081354},"point_estimate":-0.18200698446788366,"standard_error":0.0007479331956085122},"median":{"confidence_interval":{"confidence_level":0.95,"lower_bound":-0.18508789867369613,"upper_bound":-0.18199527334450635},"point_estimate":-0.18407086955079677,"standard_error":0.0008008283460970633}}