{"mean":{"confidence_interval":{"confidence_level":0.95,"lower_bound":0.02972198936850042,"upper_bound":0.03755698807030394},"point_estimate":0.03347258571148637,"standard_error":0.0020457495317050983},"median":{"confidence_interval":{"confidence_level":0.95,"lower_bound":0.026849092167419597,"upper_bound":0.03381977483929122},"point_estimate":0.03001796137224999,"standard_error":0.0017970615119928173}}