{"mean":{"confidence_interval":{"confidence_level":0.95,"lower_bound":0.013381109499152761,"upper_bound":0.019843689758212834},"point_estimate":0.016613110354074756,"standard_error":0.001641964669466041},"median":{"confidence_interval":{"confidence_level":0.95,"lower_bound":0.015478759142496967,"upper_bound":0.017328753581770995},"point_estimate":0.016373038708923593,"standard_error":0.00047111363290113764}}