{"mean":{"confidence_interval":{"confidence_level":0.95,"lower_bound":-0.02258858833700291,"upper_bound":-0.01178261754844705},"point_estimate":-0.016726885677132985,"standard_error":0.002765570722784471},"median":{"confidence_interval":{"confidence_level":0.95,"lower_bound":-0.01618904169095714,"upper_bound":-0.010346302275758723},"point_estimate":-0.01218886713859968,"standard_error":0.0013733503782767385}}