{"mean":{"confidence_interval":{"confidence_level":0.95,"lower_bound":0.17323532056325486,"upper_bound":0.18076292311497869},"point_estimate":0.17690729691771612,"standard_error":0.0019196440875377922},"median":{"confidence_interval":{"confidence_level":0.95,"lower_bound":0.17597661465369824,"upper_bound":0.18203119351231778},"point_estimate":0.17865689903790294,"standard_error":0.001422141858145878}}