{"mean":{"confidence_interval":{"confidence_level":0.95,"lower_bound":-0.03382493511813773,"upper_bound":-0.02860773094884784},"point_estimate":-0.03123766486326962,"standard_error":0.0013259485680367417},"median":{"confidence_interval":{"confidence_level":0.95,"lower_bound":-0.03132702774401053,"upper_bound":-0.029710114652541142},"point_estimate":-0.03045434417122861,"standard_error":0.00041968402864704917}}