{"mean":{"confidence_interval":{"confidence_level":0.95,"lower_bound":0.002644356199411574,"upper_bound":0.004111466321513174},"point_estimate":0.003412105388526099,"standard_error":0.00037292625366817315},"median":{"confidence_interval":{"confidence_level":0.95,"lower_bound":0.002522362670007272,"upper_bound":0.003913762715760827},"point_estimate":0.0033066485083772523,"standard_error":0.0003514449536465491}}