{"mean":{"confidence_interval":{"confidence_level":0.95,"lower_bound":-0.0037621770420279807,"upper_bound":0.0009632955012476463},"point_estimate":-0.0012874607661874649,"standard_error":0.0012007873909716954},"median":{"confidence_interval":{"confidence_level":0.95,"lower_bound":-0.0014446343736945755,"upper_bound":0.0017774704801349905},"point_estimate":0.0006460313376590587,"standard_error":0.0008122321573222343}}