{"mean":{"confidence_interval":{"confidence_level":0.95,"lower_bound":0.004154610776227691,"upper_bound":0.005996110992957464},"point_estimate":0.00514167293932033,"standard_error":0.00047136453259512506},"median":{"confidence_interval":{"confidence_level":0.95,"lower_bound":0.003741422246492432,"upper_bound":0.0053041604960919475},"point_estimate":0.004809229009390403,"standard_error":0.0004128736125459436}}