{"mean":{"confidence_interval":{"confidence_level":0.95,"lower_bound":-0.003468422181961067,"upper_bound":0.000524773934171773},"point_estimate":-0.0012316663822354856,"standard_error":0.0010221705946151431},"median":{"confidence_interval":{"confidence_level":0.95,"lower_bound":0.0006290825282719847,"upper_bound":0.0021512842427071632},"point_estimate":0.0013002913360169455,"standard_error":0.00038739421090284873}}