{"mean":{"confidence_interval":{"confidence_level":0.95,"lower_bound":-0.004942940254118378,"upper_bound":0.01080363894578248},"point_estimate":0.0017772154167268184,"standard_error":0.004175028321998798},"median":{"confidence_interval":{"confidence_level":0.95,"lower_bound":-0.001073968079607246,"upper_bound":0.0038916231632486475},"point_estimate":0.0011132590499263184,"standard_error":0.0012709970104647678}}