{"mean":{"confidence_interval":{"confidence_level":0.95,"lower_bound":0.001692464226638685,"upper_bound":0.005635314799139023},"point_estimate":0.0035085220169555065,"standard_error":0.0010221156969567055},"median":{"confidence_interval":{"confidence_level":0.95,"lower_bound":0.0015306808924713255,"upper_bound":0.003341704629024278},"point_estimate":0.002587875142693541,"standard_error":0.000449222558707146}}