{"mean":{"confidence_interval":{"confidence_level":0.95,"lower_bound":0.01560685796119649,"upper_bound":0.020221234370075575},"point_estimate":0.017834857455253372,"standard_error":0.0011724738715756708},"median":{"confidence_interval":{"confidence_level":0.95,"lower_bound":0.016832091941522874,"upper_bound":0.018913010332676672},"point_estimate":0.017953434841609495,"standard_error":0.000549571770407299}}