{"mean":{"confidence_interval":{"confidence_level":0.95,"lower_bound":-0.02203641534530233,"upper_bound":-0.0144805960963232},"point_estimate":-0.01831480669595653,"standard_error":0.0019284285956662644},"median":{"confidence_interval":{"confidence_level":0.95,"lower_bound":-0.027068014555544306,"upper_bound":-0.020018902946241646},"point_estimate":-0.024278244581781516,"standard_error":0.0019206865162811363}}