{"mean":{"confidence_interval":{"confidence_level":0.95,"lower_bound":0.17750442688664902,"upper_bound":0.18634619170089983},"point_estimate":0.1819871726389286,"standard_error":0.002263146867171604},"median":{"confidence_interval":{"confidence_level":0.95,"lower_bound":0.18463969931150404,"upper_bound":0.19314104270728016},"point_estimate":0.1893108560183865,"standard_error":0.002188894296634565}}