{"mean":{"confidence_interval":{"confidence_level":0.95,"lower_bound":0.0094922814473482,"upper_bound":0.013078713279239106},"point_estimate":0.011207312143677983,"standard_error":0.0009152533324933372},"median":{"confidence_interval":{"confidence_level":0.95,"lower_bound":0.007708437260458556,"upper_bound":0.009656229077767486},"point_estimate":0.008357091753140145,"standard_error":0.0005388139677437288}}