{"mean":{"confidence_interval":{"confidence_level":0.95,"lower_bound":-0.007698336744023244,"upper_bound":0.008649226040488431},"point_estimate":0.001926630012030639,"standard_error":0.0042566765945716},"median":{"confidence_interval":{"confidence_level":0.95,"lower_bound":0.0012351580949327978,"upper_bound":0.0053665497589914235},"point_estimate":0.0035029980590945975,"standard_error":0.0010580511486403754}}