{"mean":{"confidence_interval":{"confidence_level":0.95,"lower_bound":-0.017052543114043694,"upper_bound":-0.013072326416489134},"point_estimate":-0.014912004628715003,"standard_error":0.0010184380296281521},"median":{"confidence_interval":{"confidence_level":0.95,"lower_bound":-0.019353569648188906,"upper_bound":-0.006173036973527481},"point_estimate":-0.006720670591040201,"standard_error":0.004388194097394473}}