{"mean":{"confidence_interval":{"confidence_level":0.95,"lower_bound":13181383.642125,"upper_bound":13196017.630562501},"point_estimate":13188293.87,"standard_error":3743.610257022267},"median":{"confidence_interval":{"confidence_level":0.95,"lower_bound":13181161.375,"upper_bound":13191338.5},"point_estimate":13185156.25,"standard_error":2587.993953343046},"median_abs_dev":{"confidence_interval":{"confidence_level":0.95,"lower_bound":15328.0451528728,"upper_bound":31744.504011422396},"point_estimate":21991.77605956793,"standard_error":4331.560082490133},"slope":null,"std_dev":{"confidence_interval":{"confidence_level":0.95,"lower_bound":25485.085311667182,"upper_bound":49831.46922102987},"point_estimate":37744.16176398354,"standard_error":6368.090021527313}}