{"mean":{"confidence_interval":{"confidence_level":0.95,"lower_bound":12984038.208999999,"upper_bound":12995270.2375625},"point_estimate":12989448.9825,"standard_error":2868.944342841725},"median":{"confidence_interval":{"confidence_level":0.95,"lower_bound":12975848.875,"upper_bound":12980989.5},"point_estimate":12978536.375,"standard_error":1335.46365310396},"median_abs_dev":{"confidence_interval":{"confidence_level":0.95,"lower_bound":8679.510895907879,"upper_bound":17698.351860791445},"point_estimate":12107.838010042906,"standard_error":2298.499005670986},"slope":null,"std_dev":{"confidence_interval":{"confidence_level":0.95,"lower_bound":23587.886130511488,"upper_bound":33036.0305855094},"point_estimate":28894.207815965325,"standard_error":2419.794457335921}}