{"mean":{"confidence_interval":{"confidence_level":0.95,"lower_bound":-0.0037525320204503496,"upper_bound":0.009141769572751089},"point_estimate":0.0025134965741964166,"standard_error":0.003275859591927556},"median":{"confidence_interval":{"confidence_level":0.95,"lower_bound":-0.006675457471533086,"upper_bound":0.0005030604145332962},"point_estimate":-0.003625987296623112,"standard_error":0.0018315013857169054}}