{"mean":{"confidence_interval":{"confidence_level":0.95,"lower_bound":-0.009962296523797367,"upper_bound":0.004470519005884136},"point_estimate":-0.002598356749269004,"standard_error":0.003693798371936076},"median":{"confidence_interval":{"confidence_level":0.95,"lower_bound":-0.01086628166740966,"upper_bound":-0.0013050300999257747},"point_estimate":-0.005995518008472311,"standard_error":0.0025586712746758595}}