{"mean":{"confidence_interval":{"confidence_level":0.95,"lower_bound":0.1541623103749271,"upper_bound":0.17315066926170916},"point_estimate":0.16341593473358884,"standard_error":0.004839266918977477},"median":{"confidence_interval":{"confidence_level":0.95,"lower_bound":0.15115701932523873,"upper_bound":0.17485991967987813},"point_estimate":0.15849164788097125,"standard_error":0.006277083644809584}}