{"mean":{"confidence_interval":{"confidence_level":0.95,"lower_bound":0.10650885689463521,"upper_bound":0.13130521223398656},"point_estimate":0.11926483315937109,"standard_error":0.006291495266699909},"median":{"confidence_interval":{"confidence_level":0.95,"lower_bound":0.10209245200972772,"upper_bound":0.1314127949958217},"point_estimate":0.11999009230627822,"standard_error":0.007471397450559965}}