{"mean":{"confidence_interval":{"confidence_level":0.95,"lower_bound":-0.007065725009592148,"upper_bound":0.014822870593606603},"point_estimate":0.003906708633910849,"standard_error":0.005532566944238305},"median":{"confidence_interval":{"confidence_level":0.95,"lower_bound":-0.008371536825071302,"upper_bound":0.024583558545173023},"point_estimate":0.014534929825608334,"standard_error":0.008982628503139335}}