{"mean":{"confidence_interval":{"confidence_level":0.95,"lower_bound":-0.0436102374384934,"upper_bound":-0.027556417098117517},"point_estimate":-0.035509034417541274,"standard_error":0.004103160364941701},"median":{"confidence_interval":{"confidence_level":0.95,"lower_bound":-0.040834470167145476,"upper_bound":-0.025242027856309024},"point_estimate":-0.03239922267275652,"standard_error":0.0038419407126752333}}