{"mean":{"confidence_interval":{"confidence_level":0.95,"lower_bound":-0.009928672247659759,"upper_bound":0.0009187928794266646},"point_estimate":-0.004252992206525197,"standard_error":0.002760940638934048},"median":{"confidence_interval":{"confidence_level":0.95,"lower_bound":-0.012641090820737722,"upper_bound":0.011162912775864342},"point_estimate":-0.0032499306219100355,"standard_error":0.006689251967433231}}