{"mean":{"confidence_interval":{"confidence_level":0.95,"lower_bound":0.2243569781828112,"upper_bound":0.24234322003599126},"point_estimate":0.23311764453639117,"standard_error":0.0045498674957547905},"median":{"confidence_interval":{"confidence_level":0.95,"lower_bound":0.2219214597678656,"upper_bound":0.2421658297207714},"point_estimate":0.23149443857095897,"standard_error":0.0051620042868767355}}