{"mean":{"confidence_interval":{"confidence_level":0.95,"lower_bound":0.005775013749781057,"upper_bound":0.01933112894075517},"point_estimate":0.012599332018296883,"standard_error":0.0033972284717197344},"median":{"confidence_interval":{"confidence_level":0.95,"lower_bound":0.006682989675060869,"upper_bound":0.015741871503057503},"point_estimate":0.010467053976531027,"standard_error":0.002527093648088608}}