{"mean":{"confidence_interval":{"confidence_level":0.95,"lower_bound":0.02177209786578953,"upper_bound":0.04155838002941663},"point_estimate":0.031818309964946945,"standard_error":0.005016121835469916},"median":{"confidence_interval":{"confidence_level":0.95,"lower_bound":0.01893280329666836,"upper_bound":0.05043783873157848},"point_estimate":0.0351255975252851,"standard_error":0.00798096575130886}}