{"mean":{"confidence_interval":{"confidence_level":0.95,"lower_bound":-0.09908807979589283,"upper_bound":-0.07965062688143663},"point_estimate":-0.0893960046921165,"standard_error":0.004940809494431508},"median":{"confidence_interval":{"confidence_level":0.95,"lower_bound":-0.08729670061054026,"upper_bound":-0.06889213906860892},"point_estimate":-0.0758814322320891,"standard_error":0.004866360875506912}}