{"mean":{"confidence_interval":{"confidence_level":0.95,"lower_bound":-0.13591714077165973,"upper_bound":-0.12236176713353848},"point_estimate":-0.1291819181080639,"standard_error":0.003468453682045877},"median":{"confidence_interval":{"confidence_level":0.95,"lower_bound":-0.12850571217182205,"upper_bound":-0.11590129221225884},"point_estimate":-0.12190543570954282,"standard_error":0.0031592773750470098}}