{"mean":{"confidence_interval":{"confidence_level":0.95,"lower_bound":-0.16075825081147477,"upper_bound":-0.14670712221955892},"point_estimate":-0.15372584151062996,"standard_error":0.0035739909914970585},"median":{"confidence_interval":{"confidence_level":0.95,"lower_bound":-0.1506173422446676,"upper_bound":-0.13569491843949333},"point_estimate":-0.14708372750790388,"standard_error":0.0035519985761007823}}