{"mean":{"confidence_interval":{"confidence_level":0.95,"lower_bound":-0.015263443048913954,"upper_bound":0.0018969725735211718},"point_estimate":-0.00661968756905762,"standard_error":0.004383183374780733},"median":{"confidence_interval":{"confidence_level":0.95,"lower_bound":-0.025507746962470712,"upper_bound":0.006176706895284045},"point_estimate":-0.011377484221990808,"standard_error":0.007900383956662097}}