{"mean":{"confidence_interval":{"confidence_level":0.95,"lower_bound":0.08439331176824379,"upper_bound":0.10154339465920122},"point_estimate":0.09304217921918223,"standard_error":0.004358592872991958},"median":{"confidence_interval":{"confidence_level":0.95,"lower_bound":0.08087496012485862,"upper_bound":0.10121732829711354},"point_estimate":0.0932849184762381,"standard_error":0.005123244193181564}}