{"mean":{"confidence_interval":{"confidence_level":0.95,"lower_bound":-0.023734859232571813,"upper_bound":-0.011310581115072072},"point_estimate":-0.01772667705042663,"standard_error":0.003168862136296354},"median":{"confidence_interval":{"confidence_level":0.95,"lower_bound":-0.020183163473879273,"upper_bound":-0.015150483309728565},"point_estimate":-0.017739531936209918,"standard_error":0.0012781021670094316}}