{"mean":{"confidence_interval":{"confidence_level":0.95,"lower_bound":0.0010541442474180569,"upper_bound":0.016053312294016218},"point_estimate":0.008480629982619448,"standard_error":0.0038115714300565855},"median":{"confidence_interval":{"confidence_level":0.95,"lower_bound":0.0005956946229053184,"upper_bound":0.01539211999313106},"point_estimate":0.009844439167223884,"standard_error":0.004025995497475132}}