{"mean":{"confidence_interval":{"confidence_level":0.95,"lower_bound":-0.02900951732378725,"upper_bound":-0.011164429936663505},"point_estimate":-0.0198041581111964,"standard_error":0.004536338900173965},"median":{"confidence_interval":{"confidence_level":0.95,"lower_bound":-0.03436625430196538,"upper_bound":-0.01470720094997091},"point_estimate":-0.024103388643383128,"standard_error":0.005605232058683729}}