{"mean":{"confidence_interval":{"confidence_level":0.95,"lower_bound":-0.05549728386229412,"upper_bound":-0.03844256160550011},"point_estimate":-0.04676722882294182,"standard_error":0.0043649887053519255},"median":{"confidence_interval":{"confidence_level":0.95,"lower_bound":-0.05807114538164382,"upper_bound":-0.03835067608228164},"point_estimate":-0.046104462869464236,"standard_error":0.0049710300331354896}}