{"mean":{"confidence_interval":{"confidence_level":0.95,"lower_bound":-0.034574673422534764,"upper_bound":-0.020539393117135967},"point_estimate":-0.027269010168865848,"standard_error":0.0035615614163336633},"median":{"confidence_interval":{"confidence_level":0.95,"lower_bound":-0.029556112508460575,"upper_bound":-0.010996186969187027},"point_estimate":-0.01954178540142848,"standard_error":0.004756176217457786}}