{"mean":{"confidence_interval":{"confidence_level":0.95,"lower_bound":-0.2438811880039704,"upper_bound":-0.22968987004277827},"point_estimate":-0.2369005537215252,"standard_error":0.003631596944706819},"median":{"confidence_interval":{"confidence_level":0.95,"lower_bound":-0.2534278446061127,"upper_bound":-0.24139239329146345},"point_estimate":-0.24539904064142637,"standard_error":0.0031818306231143636}}