{"mean":{"confidence_interval":{"confidence_level":0.95,"lower_bound":0.0824649007106134,"upper_bound":0.10321052218502924},"point_estimate":0.09304718077754726,"standard_error":0.005292197810356449},"median":{"confidence_interval":{"confidence_level":0.95,"lower_bound":0.09175200733719335,"upper_bound":0.10879822605859416},"point_estimate":0.10205445791540191,"standard_error":0.004148861307774127}}