{"mean":{"confidence_interval":{"confidence_level":0.95,"lower_bound":30778.032501255977,"upper_bound":30826.65994110016},"point_estimate":30801.91961292339,"standard_error":12.426592814624513},"median":{"confidence_interval":{"confidence_level":0.95,"lower_bound":30788.657748397436,"upper_bound":30810.44407894737},"point_estimate":30798.238363486842,"standard_error":5.697317932487181},"median_abs_dev":{"confidence_interval":{"confidence_level":0.95,"lower_bound":69.68150309849634,"upper_bound":160.35484064041978},"point_estimate":120.62525836789287,"standard_error":23.897463800024013},"slope":{"confidence_interval":{"confidence_level":0.95,"lower_bound":30756.511195015144,"upper_bound":30845.12479041702},"point_estimate":30799.3822825846,"standard_error":22.62485086356336},"std_dev":{"confidence_interval":{"confidence_level":0.95,"lower_bound":103.39999166104165,"upper_bound":144.52689932783372},"point_estimate":124.68048742182906,"standard_error":10.479856646978096}}