{"mean":{"confidence_interval":{"confidence_level":0.95,"lower_bound":-0.022229489763764605,"upper_bound":-0.013898420695888192},"point_estimate":-0.018204774591532025,"standard_error":0.0021172991498298235},"median":{"confidence_interval":{"confidence_level":0.95,"lower_bound":-0.021339534326752285,"upper_bound":-0.017114236203132793},"point_estimate":-0.01886723964909154,"standard_error":0.0010919994527074776}}