{"mean":{"confidence_interval":{"confidence_level":0.95,"lower_bound":-0.004511191855308063,"upper_bound":-0.0030699036690911676},"point_estimate":-0.0037648501196593243,"standard_error":0.0003683895858264305},"median":{"confidence_interval":{"confidence_level":0.95,"lower_bound":-0.0037808262174066076,"upper_bound":-0.0010713508468411792},"point_estimate":-0.0021263652631985375,"standard_error":0.0006810390321525542}}