{"mean":{"confidence_interval":{"confidence_level":0.95,"lower_bound":-0.005707934022885874,"upper_bound":-0.00208798473376617},"point_estimate":-0.003848955077180749,"standard_error":0.0009317776782256777},"median":{"confidence_interval":{"confidence_level":0.95,"lower_bound":-0.006637718780722945,"upper_bound":-0.0003118754754036779},"point_estimate":-0.0026121279194007974,"standard_error":0.0015609430400490578}}