{"mean":{"confidence_interval":{"confidence_level":0.95,"lower_bound":0.003281197221377976,"upper_bound":0.009931043175690043},"point_estimate":0.006550311003491682,"standard_error":0.0016978876909209037},"median":{"confidence_interval":{"confidence_level":0.95,"lower_bound":0.003601618530231221,"upper_bound":0.007221985448617074},"point_estimate":0.005649282760720187,"standard_error":0.0008875626919675567}}