{"mean":{"confidence_interval":{"confidence_level":0.95,"lower_bound":-0.009267522104167997,"upper_bound":-0.0024194932416261175},"point_estimate":-0.005840208655304768,"standard_error":0.0017453929968540402},"median":{"confidence_interval":{"confidence_level":0.95,"lower_bound":-0.006700673897295006,"upper_bound":-0.003214907840698382},"point_estimate":-0.005357531141447991,"standard_error":0.0008402642852529142}}