{"mean":{"confidence_interval":{"confidence_level":0.95,"lower_bound":-0.004494306887477291,"upper_bound":-0.0011703420062162406},"point_estimate":-0.0025662889984130466,"standard_error":0.0008640299551742216},"median":{"confidence_interval":{"confidence_level":0.95,"lower_bound":-0.0029006692507401732,"upper_bound":-0.0009407101955263286},"point_estimate":-0.0019351249296707396,"standard_error":0.0004333260804325556}}