{"mean":{"confidence_interval":{"confidence_level":0.95,"lower_bound":0.006243566491787839,"upper_bound":0.009181261599491135},"point_estimate":0.007710026104086998,"standard_error":0.0007520598970131803},"median":{"confidence_interval":{"confidence_level":0.95,"lower_bound":0.003951180234339713,"upper_bound":0.009424029161154479},"point_estimate":0.00576849873225771,"standard_error":0.0013156780028979564}}