{"mean":{"confidence_interval":{"confidence_level":0.95,"lower_bound":0.00903077402788452,"upper_bound":0.011745436301910639},"point_estimate":0.010371426683779994,"standard_error":0.0006944582411703845},"median":{"confidence_interval":{"confidence_level":0.95,"lower_bound":0.008987961155755286,"upper_bound":0.01258416584754296},"point_estimate":0.010831543760289275,"standard_error":0.0009375599522077314}}