{"mean":{"confidence_interval":{"confidence_level":0.95,"lower_bound":0.16539634435849124,"upper_bound":0.171428740192425},"point_estimate":0.16861692537792927,"standard_error":0.0015407218821882052},"median":{"confidence_interval":{"confidence_level":0.95,"lower_bound":0.16906798118551913,"upper_bound":0.17196986556776483},"point_estimate":0.1708758481795314,"standard_error":0.0007468721319407513}}