{"mean":{"confidence_interval":{"confidence_level":0.95,"lower_bound":0.20130441611910702,"upper_bound":0.20870483470352888},"point_estimate":0.20529670821092272,"standard_error":0.0018946097191846355},"median":{"confidence_interval":{"confidence_level":0.95,"lower_bound":0.20487667459515935,"upper_bound":0.21033250057799313},"point_estimate":0.20692245248839147,"standard_error":0.0013816576521038057}}