{"mean":{"confidence_interval":{"confidence_level":0.95,"lower_bound":-0.0063198034886569115,"upper_bound":0.0017820846886132666},"point_estimate":-0.0022100098433169846,"standard_error":0.002074057171464138},"median":{"confidence_interval":{"confidence_level":0.95,"lower_bound":-0.00048356950050611815,"upper_bound":0.0023969967860142383},"point_estimate":0.001194705033086052,"standard_error":0.000706816268525934}}