{"mean":{"confidence_interval":{"confidence_level":0.95,"lower_bound":0.00996899008121192,"upper_bound":0.013548974742430869},"point_estimate":0.011764546090161865,"standard_error":0.0009107545791398096},"median":{"confidence_interval":{"confidence_level":0.95,"lower_bound":0.01111399021517756,"upper_bound":0.013301759650788725},"point_estimate":0.011682273818696132,"standard_error":0.000568063662645662}}