{"mean":{"confidence_interval":{"confidence_level":0.95,"lower_bound":0.0033807245672192623,"upper_bound":0.006784353670748022},"point_estimate":0.005003530909299503,"standard_error":0.0008629542653636643},"median":{"confidence_interval":{"confidence_level":0.95,"lower_bound":0.002732800992202536,"upper_bound":0.006946867888854458},"point_estimate":0.004611876782875557,"standard_error":0.001056111019671959}}