{"mean":{"confidence_interval":{"confidence_level":0.95,"lower_bound":-0.005999894528025834,"upper_bound":-0.004546517353735169},"point_estimate":-0.005278895409186801,"standard_error":0.00036504476514855554},"median":{"confidence_interval":{"confidence_level":0.95,"lower_bound":-0.006619269743223466,"upper_bound":-0.004649170774515765},"point_estimate":-0.005659090957991109,"standard_error":0.0005178112931197185}}