{"mean":{"confidence_interval":{"confidence_level":0.95,"lower_bound":0.0022484943077227984,"upper_bound":0.005889029935968548},"point_estimate":0.003802005317480317,"standard_error":0.0009230866172079688},"median":{"confidence_interval":{"confidence_level":0.95,"lower_bound":0.002419621173381317,"upper_bound":0.004267483187669974},"point_estimate":0.003424783747324689,"standard_error":0.0004363639887965576}}