{"mean":{"confidence_interval":{"confidence_level":0.95,"lower_bound":-0.014267675522485392,"upper_bound":0.0003289663420580753},"point_estimate":-0.006102899137580553,"standard_error":0.0037580215965730343},"median":{"confidence_interval":{"confidence_level":0.95,"lower_bound":0.002246104873442123,"upper_bound":0.003068039659259947},"point_estimate":0.002572301151084533,"standard_error":0.0002023539498212223}}