{"mean":{"confidence_interval":{"confidence_level":0.95,"lower_bound":0.2012377932807495,"upper_bound":0.2052976453881794},"point_estimate":0.2032825658296047,"standard_error":0.0010392620708930098},"median":{"confidence_interval":{"confidence_level":0.95,"lower_bound":0.2028531411016199,"upper_bound":0.20590091508023667},"point_estimate":0.20491957653506665,"standard_error":0.0007750246034222022}}