{"mean":{"confidence_interval":{"confidence_level":0.95,"lower_bound":-0.0025012524635688645,"upper_bound":0.002168418392792055},"point_estimate":-0.00014902370517111407,"standard_error":0.0011874753755166457},"median":{"confidence_interval":{"confidence_level":0.95,"lower_bound":-0.0007611964466254229,"upper_bound":0.00046199601810847923},"point_estimate":-0.0001650800194424873,"standard_error":0.0003010717123895679}}