{"mean":{"confidence_interval":{"confidence_level":0.95,"lower_bound":-0.17927712946630242,"upper_bound":-0.17605466619045343},"point_estimate":-0.1776831390546616,"standard_error":0.000817681226340489},"median":{"confidence_interval":{"confidence_level":0.95,"lower_bound":-0.18044420088945012,"upper_bound":-0.17905189711010855},"point_estimate":-0.17990699150153433,"standard_error":0.0003443547869996087}}