{"mean":{"confidence_interval":{"confidence_level":0.95,"lower_bound":-0.014362346457251778,"upper_bound":-0.00788390133129723},"point_estimate":-0.011107271396350704,"standard_error":0.001651310673415816},"median":{"confidence_interval":{"confidence_level":0.95,"lower_bound":-0.014351707023612659,"upper_bound":-0.002718033874071435},"point_estimate":-0.006918561576072846,"standard_error":0.0030502385587623778}}