{"mean":{"confidence_interval":{"confidence_level":0.95,"lower_bound":0.00594709740402532,"upper_bound":0.01717002122735506},"point_estimate":0.011369396616459415,"standard_error":0.002805744964003503},"median":{"confidence_interval":{"confidence_level":0.95,"lower_bound":0.002686381929587205,"upper_bound":0.01757785729539396},"point_estimate":0.014239973777389059,"standard_error":0.0035243246756389733}}