{"mean":{"confidence_interval":{"confidence_level":0.95,"lower_bound":-0.13076920613575843,"upper_bound":-0.0016936257041277128},"point_estimate":-0.050933826103179425,"standard_error":0.03924819025127115},"median":{"confidence_interval":{"confidence_level":0.95,"lower_bound":-0.025412775598577464,"upper_bound":0.009433253929202357},"point_estimate":0.0025507864154390436,"standard_error":0.009370270105978601}}