{"mean":{"confidence_interval":{"confidence_level":0.95,"lower_bound":0.24162996991740468,"upper_bound":0.25472386340138153},"point_estimate":0.24825715755460243,"standard_error":0.0033268913124113544},"median":{"confidence_interval":{"confidence_level":0.95,"lower_bound":0.24153543879725725,"upper_bound":0.2542962336801748},"point_estimate":0.24709753449534833,"standard_error":0.002726334964408438}}