{"mean":{"confidence_interval":{"confidence_level":0.95,"lower_bound":-0.09113533317114553,"upper_bound":-0.08065817847362897},"point_estimate":-0.0858889281194859,"standard_error":0.002683681654248172},"median":{"confidence_interval":{"confidence_level":0.95,"lower_bound":-0.09428520685717323,"upper_bound":-0.08182697936731137},"point_estimate":-0.08705043570156856,"standard_error":0.003226787334161016}}