{"mean":{"confidence_interval":{"confidence_level":0.95,"lower_bound":0.022427500553833263,"upper_bound":0.0641403387806762},"point_estimate":0.04059991577641564,"standard_error":0.011519742017017292},"median":{"confidence_interval":{"confidence_level":0.95,"lower_bound":0.016278823345240445,"upper_bound":0.02615745364883626},"point_estimate":0.021441855388425912,"standard_error":0.002487761284349495}}