{"mean":{"confidence_interval":{"confidence_level":0.95,"lower_bound":0.012571838098475764,"upper_bound":0.02137947772319676},"point_estimate":0.017146235057158066,"standard_error":0.0022479807880787742},"median":{"confidence_interval":{"confidence_level":0.95,"lower_bound":0.007251291176324726,"upper_bound":0.02342629483413683},"point_estimate":0.012764370800331992,"standard_error":0.0046623204634041}}