{"mean":{"confidence_interval":{"confidence_level":0.95,"lower_bound":-0.00016798648166498065,"upper_bound":0.0069064524293596385},"point_estimate":0.0034405332616394,"standard_error":0.0017984149421414678},"median":{"confidence_interval":{"confidence_level":0.95,"lower_bound":0.00964830459808863,"upper_bound":0.015203124119459455},"point_estimate":0.012726229999338923,"standard_error":0.0014814665369135892}}