{"mean":{"confidence_interval":{"confidence_level":0.95,"lower_bound":-0.009879943828802399,"upper_bound":-0.006681146009589745},"point_estimate":-0.008378422109898365,"standard_error":0.0008160025772511801},"median":{"confidence_interval":{"confidence_level":0.95,"lower_bound":-0.011578394357714905,"upper_bound":-0.0070013840958599305},"point_estimate":-0.008968782241158046,"standard_error":0.0011784054837491508}}