{"mean":{"confidence_interval":{"confidence_level":0.95,"lower_bound":-0.006139904232335471,"upper_bound":-0.003410302221670003},"point_estimate":-0.004622342850519434,"standard_error":0.0006962036306779253},"median":{"confidence_interval":{"confidence_level":0.95,"lower_bound":-0.004637616878980788,"upper_bound":-0.0025092898740305407},"point_estimate":-0.0030919582218680297,"standard_error":0.0006013658396398248}}