{"mean":{"confidence_interval":{"confidence_level":0.95,"lower_bound":-0.0026719411623015886,"upper_bound":0.002892846787037611},"point_estimate":0.00010329015107202189,"standard_error":0.0014211072099959093},"median":{"confidence_interval":{"confidence_level":0.95,"lower_bound":-0.001205693613486103,"upper_bound":0.0004591608540593928},"point_estimate":-0.0002816054070451379,"standard_error":0.00044973067755971837}}