{"mean":{"confidence_interval":{"confidence_level":0.95,"lower_bound":-0.005381962917477404,"upper_bound":-0.004094027913125464},"point_estimate":-0.00473471053418506,"standard_error":0.0003280908428593911},"median":{"confidence_interval":{"confidence_level":0.95,"lower_bound":-0.005317378888860191,"upper_bound":-0.0042684590249586485},"point_estimate":-0.0046671776704789725,"standard_error":0.00027882835583182495}}