{"mean":{"confidence_interval":{"confidence_level":0.95,"lower_bound":-0.0034206529916965545,"upper_bound":0.001382459034259786},"point_estimate":-0.0009415217647331664,"standard_error":0.00122613987565588},"median":{"confidence_interval":{"confidence_level":0.95,"lower_bound":-0.0017719849639370455,"upper_bound":0.0007737232977493846},"point_estimate":-0.0006284823300228837,"standard_error":0.000716660410554809}}