{"mean":{"confidence_interval":{"confidence_level":0.95,"lower_bound":0.20893325963267076,"upper_bound":0.21268725136984312},"point_estimate":0.21083155868964787,"standard_error":0.0009558058919470031},"median":{"confidence_interval":{"confidence_level":0.95,"lower_bound":0.21066839148152905,"upper_bound":0.2143666882597124},"point_estimate":0.21279990908762736,"standard_error":0.000959147011281559}}