{"mean":{"confidence_interval":{"confidence_level":0.95,"lower_bound":0.0025354803400423347,"upper_bound":0.004713345344999512},"point_estimate":0.003608345050296391,"standard_error":0.0005534551491138981},"median":{"confidence_interval":{"confidence_level":0.95,"lower_bound":0.002585665345779642,"upper_bound":0.004776705180710605},"point_estimate":0.0037274388032517702,"standard_error":0.0005752919317565499}}