{"mean":{"confidence_interval":{"confidence_level":0.95,"lower_bound":-0.00604205766136465,"upper_bound":-0.00009259498559702046},"point_estimate":-0.003120927705587251,"standard_error":0.0015014426324810991},"median":{"confidence_interval":{"confidence_level":0.95,"lower_bound":-0.0038804081649215227,"upper_bound":-0.0018254627008439384},"point_estimate":-0.0029530812776406012,"standard_error":0.0005218531938022031}}