{"mean":{"confidence_interval":{"confidence_level":0.95,"lower_bound":-0.0029736452068323035,"upper_bound":0.0028074595404409025},"point_estimate":-0.0005557636666997379,"standard_error":0.0015215444284054148},"median":{"confidence_interval":{"confidence_level":0.95,"lower_bound":-0.002931608666663532,"upper_bound":0.0006912407071659743},"point_estimate":-0.0002666235324472188,"standard_error":0.0009540661543536613}}