{"mean":{"confidence_interval":{"confidence_level":0.95,"lower_bound":-0.18407124583048412,"upper_bound":-0.18163743685992606},"point_estimate":-0.18289720436215617,"standard_error":0.0006201465651656359},"median":{"confidence_interval":{"confidence_level":0.95,"lower_bound":-0.1855103608417804,"upper_bound":-0.1833091020414761},"point_estimate":-0.18458844465458446,"standard_error":0.0005750309743452575}}