{"mean":{"confidence_interval":{"confidence_level":0.95,"lower_bound":-0.0012421695037137966,"upper_bound":0.005107697482766299},"point_estimate":0.0019661611020438396,"standard_error":0.0016180489735275999},"median":{"confidence_interval":{"confidence_level":0.95,"lower_bound":-0.0032013559604605083,"upper_bound":0.003412685654265335},"point_estimate":0.0009661913599627869,"standard_error":0.0017309906694830284}}