{"mean":{"confidence_interval":{"confidence_level":0.95,"lower_bound":0.0019044044892579715,"upper_bound":0.007915081075004337},"point_estimate":0.004625918949612284,"standard_error":0.0015736969946514036},"median":{"confidence_interval":{"confidence_level":0.95,"lower_bound":0.001870187394286127,"upper_bound":0.0038133004226810208},"point_estimate":0.0026689477975376796,"standard_error":0.00047523974814602145}}