{"mean":{"confidence_interval":{"confidence_level":0.95,"lower_bound":0.1767207509903193,"upper_bound":0.18791300593899696},"point_estimate":0.18132071821567597,"standard_error":0.0028822721861331032},"median":{"confidence_interval":{"confidence_level":0.95,"lower_bound":0.17568910856184594,"upper_bound":0.1807250033348733},"point_estimate":0.17806989598479062,"standard_error":0.0012819861551334045}}