{"mean":{"confidence_interval":{"confidence_level":0.95,"lower_bound":-0.00570201524317283,"upper_bound":-0.0021370696774072233},"point_estimate":-0.003829414587675606,"standard_error":0.0009067716463261413},"median":{"confidence_interval":{"confidence_level":0.95,"lower_bound":-0.006284589680537356,"upper_bound":-0.001965253181873572},"point_estimate":-0.004514469915262165,"standard_error":0.00105251471259036}}