{"mean":{"confidence_interval":{"confidence_level":0.95,"lower_bound":0.010874923788935236,"upper_bound":0.016579916771551094},"point_estimate":0.013547924601072792,"standard_error":0.001463164969263553},"median":{"confidence_interval":{"confidence_level":0.95,"lower_bound":0.010047098335461913,"upper_bound":0.012076179576255397},"point_estimate":0.01075083230978624,"standard_error":0.0004948898381817237}}