{"mean":{"confidence_interval":{"confidence_level":0.95,"lower_bound":-0.8594331756172114,"upper_bound":-0.8588823518420016},"point_estimate":-0.8591396603531307,"standard_error":0.000140394367227516},"median":{"confidence_interval":{"confidence_level":0.95,"lower_bound":-0.8592754839173615,"upper_bound":-0.8587963895690245},"point_estimate":-0.8590198789176706,"standard_error":0.000127271399606766}}