{"mean":{"confidence_interval":{"confidence_level":0.95,"lower_bound":-0.0010412296143030824,"upper_bound":0.001802690855412529},"point_estimate":0.0002247941508739526,"standard_error":0.0007176879750092062},"median":{"confidence_interval":{"confidence_level":0.95,"lower_bound":-0.0012757807896288664,"upper_bound":0.000546990760209809},"point_estimate":-0.0006073577335470315,"standard_error":0.0004922215605878292}}