{"mean":{"confidence_interval":{"confidence_level":0.95,"lower_bound":0.03038712690618638,"upper_bound":0.03716423492693649},"point_estimate":0.03347190644943909,"standard_error":0.0017407005802128528},"median":{"confidence_interval":{"confidence_level":0.95,"lower_bound":0.027860164824207986,"upper_bound":0.034142926571684384},"point_estimate":0.03175962857520931,"standard_error":0.001614123039591274}}